trade_id,trade_date,signal_ts,entry_ts,signal_family,reversal_type,signal_vrp_var_act365,vrp_q5,q_velocity_5m,prior_running_max_q5,prior_running_min_q5
1,2021-04-01,2021-04-01 09:41:00+00:00,2021-04-01 09:42:00+00:00,top_to_zero,top_to_zero,0.018675330500204458,0.819672131147541,-0.09836065573770492,1.0,0.819672131147541
2,2021-04-05,2021-04-05 05:56:00+00:00,2021-04-05 05:57:00+00:00,bottom_to_zero,bottom_to_zero,-0.10301345998509534,0.11290322580645161,0.08064516129032258,0.0967741935483871,0.0
3,2021-04-06,2021-04-06 08:18:00+00:00,2021-04-06 08:19:00+00:00,bottom_to_zero,bottom_to_zero,-0.05639729969739328,0.3333333333333333,0.2857142857142857,0.6825396825396826,0.031746031746031744
4,2021-04-07,2021-04-07 08:41:00+00:00,2021-04-07 08:42:00+00:00,bottom_to_zero,bottom_to_zero,-0.12138202728119686,0.1875,0.078125,0.71875,0.0625
5,2021-04-08,2021-04-08 06:49:00+00:00,2021-04-08 06:50:00+00:00,top_to_zero,top_to_zero,0.04615394396975668,0.8615384615384616,-0.01538461538461533,0.9692307692307692,0.8769230769230769
6,2021-04-12,2021-04-12 05:10:00+00:00,2021-04-12 05:11:00+00:00,bottom_to_zero,bottom_to_zero,-0.11647245420487298,0.13432835820895522,0.05970149253731344,0.08955223880597014,0.014925373134328358
7,2021-04-13,2021-04-13 09:07:00+00:00,2021-04-13 09:08:00+00:00,bottom_to_zero,bottom_to_zero,-0.1493789869234185,0.17647058823529413,0.10294117647058824,0.39705882352941174,0.04411764705882353
8,2021-04-15,2021-04-15 09:01:00+00:00,2021-04-15 09:02:00+00:00,top_to_zero,top_to_zero,0.0007772133892548216,0.8840579710144928,-0.02898550724637672,0.9855072463768116,0.21739130434782608
9,2021-04-19,2021-04-19 05:32:00+00:00,2021-04-19 05:33:00+00:00,bottom_to_zero,bottom_to_zero,-0.07084278715513605,0.2535211267605634,0.09859154929577466,0.15492957746478872,0.07042253521126761
10,2021-04-20,2021-04-20 07:57:00+00:00,2021-04-20 07:58:00+00:00,bottom_to_zero,bottom_to_zero,-0.04185040383894544,0.2361111111111111,0.05555555555555555,0.6666666666666666,0.08333333333333333
11,2021-04-28,2021-04-28 05:26:00+00:00,2021-04-28 05:27:00+00:00,top_to_zero,top_to_zero,0.019818698459183357,0.8311688311688312,-0.02597402597402587,0.935064935064935,0.8441558441558441
12,2021-04-29,2021-04-29 07:26:00+00:00,2021-04-29 07:27:00+00:00,top_to_zero,top_to_zero,0.05377585564236216,0.8589743589743589,-0.10256410256410264,0.9615384615384616,0.23076923076923078
13,2021-05-04,2021-05-04 08:41:00+00:00,2021-05-04 08:42:00+00:00,bottom_to_zero,bottom_to_zero,-0.1071678114867956,0.19753086419753085,0.037037037037037035,0.8148148148148148,0.08641975308641975
14,2021-05-05,2021-05-05 05:36:00+00:00,2021-05-05 05:37:00+00:00,bottom_to_zero,bottom_to_zero,-0.03252351957947609,0.3170731707317073,0.2804878048780488,0.1282051282051282,0.036585365853658534
15,2021-05-06,2021-05-06 05:23:00+00:00,2021-05-06 05:24:00+00:00,top_to_zero,top_to_zero,0.03274844033815952,0.8795180722891566,-0.024096385542168752,0.9879518072289156,0.9036144578313253
16,2021-05-12,2021-05-12 05:39:00+00:00,2021-05-12 05:40:00+00:00,top_to_zero,top_to_zero,0.038216679856561,0.8735632183908046,-0.02298850574712641,0.9770114942528736,0.8850574712643678
17,2021-05-14,2021-05-14 07:42:00+00:00,2021-05-14 07:43:00+00:00,bottom_to_zero,bottom_to_zero,-0.031142686762880782,0.18181818181818182,0.011363636363636381,0.36363636363636365,0.07954545454545454
18,2021-05-17,2021-05-17 09:59:00+00:00,2021-05-17 10:00:00+00:00,top_to_zero,top_to_zero,0.006208088810755245,0.8539325842696629,-0.0674157303370787,0.9550561797752809,0.43820224719101125
19,2021-05-27,2021-05-27 05:55:00+00:00,2021-05-27 05:56:00+00:00,top_to_zero,top_to_zero,0.045493197923367534,0.8762886597938144,-0.010309278350515427,0.979381443298969,0.8865979381443299
20,2021-06-03,2021-06-03 05:32:00+00:00,2021-06-03 05:33:00+00:00,top_to_zero,top_to_zero,0.02376892999053501,0.803921568627451,-0.02941176470588236,0.9215686274509803,0.8235294117647058
21,2021-06-09,2021-06-09 08:46:00+00:00,2021-06-09 08:47:00+00:00,bottom_to_zero,bottom_to_zero,-0.10675874350910634,0.1792452830188679,0.1509433962264151,0.7547169811320755,0.018867924528301886
22,2021-06-10,2021-06-10 06:33:00+00:00,2021-06-10 06:34:00+00:00,top_to_zero,top_to_zero,0.029670260800683444,0.7850467289719626,-0.07476635514018692,0.9158878504672897,0.8317757009345794
23,2021-06-17,2021-06-17 06:41:00+00:00,2021-06-17 06:42:00+00:00,top_to_zero,top_to_zero,0.038252204712653025,0.8303571428571429,-0.02678571428571419,0.9375,0.8482142857142857
24,2021-06-18,2021-06-18 06:36:00+00:00,2021-06-18 06:37:00+00:00,bottom_to_zero,bottom_to_zero,-0.04611289404271641,0.12389380530973451,0.07079646017699115,0.11504424778761062,0.017699115044247787
25,2021-06-24,2021-06-24 09:05:00+00:00,2021-06-24 09:06:00+00:00,top_to_zero,top_to_zero,0.032883393816287305,0.8974358974358975,-0.08547008547008539,1.0,0.905982905982906
26,2021-07-01,2021-07-01 05:29:00+00:00,2021-07-01 05:30:00+00:00,top_to_zero,top_to_zero,0.021321831821760576,0.8032786885245902,-0.032786885245901676,0.9180327868852459,0.8278688524590164
27,2021-07-12,2021-07-12 08:38:00+00:00,2021-07-12 08:39:00+00:00,bottom_to_zero,bottom_to_zero,-0.10371002598102683,0.15503875968992248,0.06201550387596899,0.6046511627906976,0.05426356589147287
28,2021-07-15,2021-07-15 05:24:00+00:00,2021-07-15 05:25:00+00:00,top_to_zero,top_to_zero,0.016709794134297414,0.7954545454545454,-0.06060606060606066,0.9166666666666666,0.8181818181818182
29,2021-07-23,2021-07-23 05:03:00+00:00,2021-07-23 05:04:00+00:00,bottom_to_zero,bottom_to_zero,-0.05694012489713421,0.20437956204379562,0.0948905109489051,0.19708029197080293,0.0948905109489051
30,2021-08-06,2021-08-06 06:32:00+00:00,2021-08-06 06:33:00+00:00,bottom_to_zero,bottom_to_zero,-0.018232924799654764,0.2108843537414966,0.04081632653061226,0.3673469387755102,0.09523809523809523
31,2021-08-17,2021-08-17 07:53:00+00:00,2021-08-17 07:54:00+00:00,bottom_to_zero,bottom_to_zero,-0.0299209513422394,0.18831168831168832,0.006493506493506496,0.6753246753246753,0.08441558441558442
32,2021-08-20,2021-08-20 07:54:00+00:00,2021-08-20 07:55:00+00:00,bottom_to_zero,bottom_to_zero,-0.027148330459355725,0.19230769230769232,0.05769230769230771,0.32051282051282054,0.08974358974358974
33,2021-08-23,2021-08-23 06:35:00+00:00,2021-08-23 06:36:00+00:00,bottom_to_zero,bottom_to_zero,-0.04065790996037956,0.14012738853503184,0.019108280254777066,0.31210191082802546,0.03821656050955414
34,2021-08-25,2021-08-25 07:10:00+00:00,2021-08-25 07:11:00+00:00,bottom_to_zero,bottom_to_zero,-0.01176910619054752,0.1949685534591195,0.056603773584905676,0.5157232704402516,0.09433962264150944
35,2021-08-26,2021-08-26 05:56:00+00:00,2021-08-26 05:57:00+00:00,top_to_zero,top_to_zero,0.0225250532199875,0.825,-0.025000000000000022,0.925,0.84375
36,2021-09-09,2021-09-09 05:39:00+00:00,2021-09-09 05:40:00+00:00,top_to_zero,top_to_zero,0.01702307518315393,0.8058823529411765,-0.03529411764705881,0.9141104294478528,0.8176470588235294
37,2021-09-14,2021-09-14 09:59:00+00:00,2021-09-14 10:00:00+00:00,top_to_zero,top_to_zero,0.00018690275670138652,0.8197674418604651,-0.09302325581395343,0.936046511627907,0.436046511627907
38,2021-09-17,2021-09-17 08:04:00+00:00,2021-09-17 08:05:00+00:00,bottom_to_zero,bottom_to_zero,-0.058314821813061135,0.10285714285714286,0.005714285714285713,0.5085714285714286,0.0
39,2021-09-20,2021-09-20 07:41:00+00:00,2021-09-20 07:42:00+00:00,bottom_to_zero,bottom_to_zero,-0.012220452198258226,0.19886363636363635,0.039772727272727265,0.3068181818181818,0.07954545454545454
40,2021-09-21,2021-09-21 07:00:00+00:00,2021-09-21 07:01:00+00:00,bottom_to_zero,bottom_to_zero,-0.022254083657720622,0.192090395480226,0.04519774011299435,0.192090395480226,0.0903954802259887
41,2021-09-23,2021-09-23 05:42:00+00:00,2021-09-23 05:43:00+00:00,top_to_zero,top_to_zero,0.018060343049267662,0.8100558659217877,-0.033519553072625774,0.9106145251396648,0.8156424581005587
42,2021-09-24,2021-09-24 06:40:00+00:00,2021-09-24 06:41:00+00:00,bottom_to_zero,bottom_to_zero,-0.024927160029353978,0.19444444444444445,0.05000000000000002,0.28888888888888886,0.08888888888888889
43,2021-09-28,2021-09-28 08:07:00+00:00,2021-09-28 08:08:00+00:00,bottom_to_zero,bottom_to_zero,-0.03545222077895737,0.1978021978021978,0.038461538461538464,0.7197802197802198,0.08791208791208792
44,2021-09-30,2021-09-30 07:24:00+00:00,2021-09-30 07:25:00+00:00,top_to_zero,top_to_zero,0.023544164954476296,0.7989130434782609,-0.09782608695652173,0.967391304347826,0.875
45,2021-10-01,2021-10-01 07:39:00+00:00,2021-10-01 07:40:00+00:00,bottom_to_zero,bottom_to_zero,-0.01338332086211003,0.2648648648648649,0.10270270270270271,0.2918918918918919,0.0972972972972973
46,2021-10-06,2021-10-06 08:48:00+00:00,2021-10-06 08:49:00+00:00,bottom_to_zero,bottom_to_zero,-0.05977242151573427,0.18617021276595744,0.026595744680851047,0.6555555555555556,0.0851063829787234
47,2021-10-08,2021-10-08 07:53:00+00:00,2021-10-08 07:54:00+00:00,bottom_to_zero,bottom_to_zero,-0.0309644533979508,0.1736842105263158,0.06315789473684212,0.3368421052631579,0.06315789473684211
48,2021-10-14,2021-10-14 08:10:00+00:00,2021-10-14 08:11:00+00:00,top_to_zero,top_to_zero,0.001202328965959381,0.6855670103092784,-0.18041237113402064,0.9020618556701031,0.6855670103092784
49,2021-10-19,2021-10-19 05:52:00+00:00,2021-10-19 05:53:00+00:00,bottom_to_zero,bottom_to_zero,-0.053367411669303935,0.12755102040816327,0.0816326530612245,0.09693877551020408,0.01020408163265306
50,2021-10-20,2021-10-20 08:08:00+00:00,2021-10-20 08:09:00+00:00,bottom_to_zero,bottom_to_zero,-0.04083392806974935,0.17766497461928935,0.015228426395939104,0.4517766497461929,0.06598984771573604
51,2021-10-21,2021-10-21 05:51:00+00:00,2021-10-21 05:52:00+00:00,top_to_zero,top_to_zero,0.01582282522381863,0.7929292929292929,-0.0757575757575758,0.9292929292929293,0.3383838383838384
52,2021-10-22,2021-10-22 08:28:00+00:00,2021-10-22 08:29:00+00:00,bottom_to_zero,bottom_to_zero,-0.07403818696193049,0.12562814070351758,0.04522613065326632,0.2663316582914573,0.02512562814070352
53,2021-10-25,2021-10-25 07:55:00+00:00,2021-10-25 07:56:00+00:00,bottom_to_zero,bottom_to_zero,-0.03254091134835198,0.165,0.065,0.1,0.02
54,2021-10-26,2021-10-26 08:10:00+00:00,2021-10-26 08:11:00+00:00,bottom_to_zero,bottom_to_zero,-0.03300267982932052,0.19402985074626866,0.09950248756218906,0.43781094527363185,0.04975124378109453
55,2021-10-28,2021-10-28 09:51:00+00:00,2021-10-28 09:52:00+00:00,top_to_zero,top_to_zero,0.09802469387950125,0.2512315270935961,-0.06896551724137928,0.9753694581280788,0.2512315270935961
56,2021-10-29,2021-10-29 08:44:00+00:00,2021-10-29 08:45:00+00:00,bottom_to_zero,bottom_to_zero,-0.1047231924371754,0.10294117647058823,0.03431372549019607,0.09803921568627451,0.0
57,2021-11-01,2021-11-01 04:59:00+00:00,2021-11-01 05:00:00+00:00,bottom_to_zero,bottom_to_zero,-0.06406055949636436,0.21951219512195122,0.13170731707317074,0.17560975609756097,0.08780487804878048
58,2021-11-03,2021-11-03 06:38:00+00:00,2021-11-03 06:39:00+00:00,top_to_zero,top_to_zero,0.025967481120872715,0.8454106280193237,-0.03864734299516914,0.9468599033816425,0.8695652173913043
59,2021-11-11,2021-11-11 09:28:00+00:00,2021-11-11 09:29:00+00:00,top_to_zero,top_to_zero,0.008968582430201481,0.8815165876777251,-0.028436018957345932,0.995260663507109,0.9004739336492891
60,2021-11-18,2021-11-18 08:29:00+00:00,2021-11-18 08:30:00+00:00,top_to_zero,top_to_zero,0.003023360111143042,0.7361111111111112,-0.12037037037037035,0.9120370370370371,0.18055555555555555
61,2021-11-22,2021-11-22 05:28:00+00:00,2021-11-22 05:29:00+00:00,bottom_to_zero,bottom_to_zero,-0.04503992332442132,0.2073732718894009,0.08755760368663594,0.15668202764976957,0.0967741935483871
62,2021-11-23,2021-11-23 05:24:00+00:00,2021-11-23 05:25:00+00:00,bottom_to_zero,bottom_to_zero,-0.052158681656542645,0.1651376146788991,0.06880733944954129,0.11467889908256881,0.04128440366972477
63,2021-11-25,2021-11-25 06:43:00+00:00,2021-11-25 06:44:00+00:00,top_to_zero,top_to_zero,0.024173309527401057,0.8136363636363636,-0.054545454545454564,0.9318181818181818,0.34545454545454546
64,2021-11-26,2021-11-26 08:10:00+00:00,2021-11-26 08:11:00+00:00,bottom_to_zero,bottom_to_zero,-0.05176887638348226,0.14027149321266968,0.03619909502262443,0.16037735849056603,0.027149321266968326
65,2021-11-29,2021-11-29 07:24:00+00:00,2021-11-29 07:25:00+00:00,bottom_to_zero,bottom_to_zero,-0.03613101816763315,0.14864864864864866,0.07657657657657659,0.08108108108108109,0.0
66,2021-11-30,2021-11-30 08:02:00+00:00,2021-11-30 08:03:00+00:00,bottom_to_zero,bottom_to_zero,-0.05214527749815214,0.11210762331838565,0.053811659192825115,0.49327354260089684,0.0
67,2021-12-01,2021-12-01 05:21:00+00:00,2021-12-01 05:22:00+00:00,bottom_to_zero,bottom_to_zero,-0.05229628603448356,0.20535714285714285,0.08482142857142856,0.17857142857142858,0.09375
68,2021-12-02,2021-12-02 08:05:00+00:00,2021-12-02 08:06:00+00:00,top_to_zero,top_to_zero,0.01048255015321782,0.7822222222222223,-0.12444444444444436,0.9555555555555556,0.3422222222222222
69,2021-12-03,2021-12-03 05:34:00+00:00,2021-12-03 05:35:00+00:00,bottom_to_zero,bottom_to_zero,-0.05291431257280071,0.17256637168141592,0.017699115044247787,0.168141592920354,0.07079646017699115
70,2021-12-06,2021-12-06 05:09:00+00:00,2021-12-06 05:10:00+00:00,bottom_to_zero,bottom_to_zero,-0.06877896417780056,0.17180616740088106,0.048458149779735685,0.14977973568281938,0.07048458149779736
71,2021-12-09,2021-12-09 08:33:00+00:00,2021-12-09 08:34:00+00:00,top_to_zero,top_to_zero,0.01068306788652186,0.8260869565217391,-0.05217391304347829,0.9304347826086956,0.4391304347826087
72,2021-12-13,2021-12-13 08:18:00+00:00,2021-12-13 08:19:00+00:00,bottom_to_zero,bottom_to_zero,-0.05787152589794117,0.13793103448275862,0.038793103448275856,0.6422413793103449,0.021551724137931036
73,2021-12-16,2021-12-16 09:28:00+00:00,2021-12-16 09:29:00+00:00,top_to_zero,top_to_zero,0.003709434289046465,0.8723404255319149,-0.10212765957446801,0.9957446808510638,0.7191489361702128
74,2021-12-17,2021-12-17 06:17:00+00:00,2021-12-17 06:18:00+00:00,bottom_to_zero,bottom_to_zero,-0.035962465410570896,0.15254237288135594,0.008474576271186446,0.1483050847457627,0.05084745762711865
75,2021-12-20,2021-12-20 08:33:00+00:00,2021-12-20 08:34:00+00:00,bottom_to_zero,bottom_to_zero,-0.06629783241784429,0.14345991561181434,0.07172995780590717,0.4050632911392405,0.04219409282700422
76,2021-12-23,2021-12-23 09:03:00+00:00,2021-12-23 09:04:00+00:00,top_to_zero,top_to_zero,0.007673690137221148,0.8291666666666667,-0.016666666666666607,0.9291666666666667,0.7583333333333333
77,2021-12-24,2021-12-24 05:34:00+00:00,2021-12-24 05:35:00+00:00,bottom_to_zero,bottom_to_zero,-0.039803608613358674,0.17427385892116182,0.062240663900414925,0.12448132780082988,0.04979253112033195
78,2021-12-30,2021-12-30 06:36:00+00:00,2021-12-30 06:37:00+00:00,top_to_zero,top_to_zero,0.024477377705153222,0.8285714285714286,-0.004081632653061162,0.9306122448979591,0.8326530612244898
79,2022-01-07,2022-01-07 08:16:00+00:00,2022-01-07 08:17:00+00:00,bottom_to_zero,bottom_to_zero,-0.04870372300136622,0.17131474103585656,0.05577689243027888,0.6175298804780877,0.043824701195219126
80,2022-01-19,2022-01-19 05:58:00+00:00,2022-01-19 05:59:00+00:00,bottom_to_zero,bottom_to_zero,-0.04106377965569852,0.1583011583011583,0.05405405405405404,0.15444015444015444,0.05791505791505792
81,2022-01-20,2022-01-20 06:43:00+00:00,2022-01-20 06:44:00+00:00,top_to_zero,top_to_zero,0.016441880156119436,0.7846153846153846,-0.0346153846153846,0.9038461538461539,0.4269230769230769
82,2022-01-21,2022-01-21 06:33:00+00:00,2022-01-21 06:34:00+00:00,bottom_to_zero,bottom_to_zero,-0.028997068418856305,0.17624521072796934,0.053639846743295014,0.1417624521072797,0.06513409961685823
83,2022-01-24,2022-01-24 05:31:00+00:00,2022-01-24 05:32:00+00:00,bottom_to_zero,bottom_to_zero,-0.06179084312768418,0.1297709923664122,0.030534351145038163,0.12595419847328243,0.026717557251908396
84,2022-01-25,2022-01-25 07:01:00+00:00,2022-01-25 07:02:00+00:00,bottom_to_zero,bottom_to_zero,-0.0347858066774623,0.11406844106463879,0.026615969581749055,0.11026615969581749,0.011406844106463879
85,2022-01-27,2022-01-27 04:59:00+00:00,2022-01-27 05:00:00+00:00,bottom_to_zero,bottom_to_zero,-0.08507882193996302,0.20454545454545456,0.06439393939393942,0.1893939393939394,0.09848484848484848
86,2022-01-28,2022-01-28 07:14:00+00:00,2022-01-28 07:15:00+00:00,top_to_zero,top_to_zero,0.02186660242963137,0.8113207547169812,-0.037735849056603765,0.9132075471698113,0.2188679245283019
87,2022-02-01,2022-02-01 05:59:00+00:00,2022-02-01 06:00:00+00:00,top_to_zero,top_to_zero,0.009778484723541842,0.7790262172284644,-0.20973782771535576,1.0,0.9812734082397003
88,2022-02-03,2022-02-03 09:37:00+00:00,2022-02-03 09:38:00+00:00,top_to_zero,top_to_zero,0.00811767202431525,0.8847583643122676,-0.09293680297397777,0.9851301115241635,0.7286245353159851
89,2022-02-04,2022-02-04 08:49:00+00:00,2022-02-04 08:50:00+00:00,bottom_to_zero,bottom_to_zero,-0.06426929944085776,0.1814814814814815,0.03703703703703706,0.4222222222222222,0.05925925925925926
90,2022-02-07,2022-02-07 05:28:00+00:00,2022-02-07 05:29:00+00:00,bottom_to_zero,bottom_to_zero,-0.041510552567628256,0.24354243542435425,0.08856088560885608,0.16974169741697417,0.07011070110701106
91,2022-02-08,2022-02-08 09:04:00+00:00,2022-02-08 09:05:00+00:00,bottom_to_zero,bottom_to_zero,-0.09342397144656642,0.1213235294117647,0.058823529411764705,0.11397058823529412,0.007352941176470588
92,2022-02-10,2022-02-10 05:39:00+00:00,2022-02-10 05:40:00+00:00,bottom_to_zero,bottom_to_zero,-0.016817635586303635,0.38686131386861317,0.2773722627737226,0.22992700729927007,0.08029197080291971
93,2022-02-14,2022-02-14 05:14:00+00:00,2022-02-14 05:15:00+00:00,bottom_to_zero,bottom_to_zero,-0.08907471423803949,0.12318840579710146,0.06521739130434784,0.09782608695652174,0.014492753623188406
94,2022-02-15,2022-02-15 05:15:00+00:00,2022-02-15 05:16:00+00:00,bottom_to_zero,bottom_to_zero,-0.07192850661353793,0.18050541516245489,0.06859205776173287,0.17689530685920576,0.07942238267148015
95,2022-02-16,2022-02-16 05:30:00+00:00,2022-02-16 05:31:00+00:00,bottom_to_zero,bottom_to_zero,-0.06004627284829771,0.16546762589928057,0.0539568345323741,0.14028776978417265,0.050359712230215826
96,2022-02-17,2022-02-17 08:59:00+00:00,2022-02-17 09:00:00+00:00,top_to_zero,top_to_zero,0.013170657535099967,0.8530465949820788,-0.028673835125448077,0.956989247311828,0.16845878136200718
97,2022-02-22,2022-02-22 07:28:00+00:00,2022-02-22 07:29:00+00:00,bottom_to_zero,bottom_to_zero,-0.022893255754356065,0.2127659574468085,0.08865248226950355,0.8865248226950354,0.08156028368794327
98,2022-02-24,2022-02-24 08:11:00+00:00,2022-02-24 08:12:00+00:00,top_to_zero,top_to_zero,0.031316295933935256,0.897887323943662,-0.07042253521126762,1.0,0.34507042253521125
99,2022-02-25,2022-02-25 05:32:00+00:00,2022-02-25 05:33:00+00:00,bottom_to_zero,bottom_to_zero,-0.0442188741271172,0.18596491228070175,0.024561403508771923,0.17543859649122806,0.07719298245614035
100,2022-02-28,2022-02-28 05:51:00+00:00,2022-02-28 05:52:00+00:00,top_to_zero,top_to_zero,0.024547550390567108,0.8601398601398601,-0.04195804195804198,0.9755244755244755,0.1888111888111888
101,2022-03-03,2022-03-03 08:58:00+00:00,2022-03-03 08:59:00+00:00,top_to_zero,top_to_zero,0.009323070977586528,0.8888888888888888,-0.07986111111111116,1.0,0.9305555555555556
102,2022-03-07,2022-03-07 06:15:00+00:00,2022-03-07 06:16:00+00:00,top_to_zero,top_to_zero,0.00029124418652154427,0.38275862068965516,-0.01379310344827589,0.993103448275862,0.2517241379310345
103,2022-03-08,2022-03-08 07:00:00+00:00,2022-03-08 07:01:00+00:00,top_to_zero,top_to_zero,0.03200310144937535,0.8556701030927835,-0.09278350515463918,0.9587628865979382,0.14482758620689656
104,2022-03-09,2022-03-09 08:24:00+00:00,2022-03-09 08:25:00+00:00,top_to_zero,top_to_zero,0.018625250115356554,0.8698630136986302,-0.017123287671232834,0.9726027397260274,0.3333333333333333
105,2022-03-10,2022-03-10 08:36:00+00:00,2022-03-10 08:37:00+00:00,top_to_zero,top_to_zero,0.018638868166312383,0.8703071672354948,-0.0955631399317407,1.0,0.9044368600682594
106,2022-03-11,2022-03-11 06:17:00+00:00,2022-03-11 06:18:00+00:00,bottom_to_zero,bottom_to_zero,-0.037978567036624,0.12585034013605442,0.03061224489795919,0.13945578231292516,0.020477815699658702
107,2022-03-15,2022-03-15 07:28:00+00:00,2022-03-15 07:29:00+00:00,top_to_zero,top_to_zero,0.01979762727494705,0.7804054054054054,-0.11824324324324331,0.956081081081081,0.3783783783783784
108,2022-03-16,2022-03-16 07:54:00+00:00,2022-03-16 07:55:00+00:00,top_to_zero,top_to_zero,0.023896214453654557,0.8619528619528619,-0.023569023569023573,0.9629629629629629,0.44594594594594594
109,2022-03-21,2022-03-21 08:03:00+00:00,2022-03-21 08:04:00+00:00,top_to_zero,top_to_zero,0.02183392955081047,0.8327759197324415,-0.02341137123745818,0.9331103678929766,0.3177257525083612
110,2022-03-22,2022-03-22 08:14:00+00:00,2022-03-22 08:15:00+00:00,bottom_to_zero,bottom_to_zero,-0.014482826749398298,0.36333333333333334,0.32666666666666666,0.8866666666666667,0.02666666666666667
111,2022-03-23,2022-03-23 07:31:00+00:00,2022-03-23 07:32:00+00:00,bottom_to_zero,bottom_to_zero,-0.0065586696110756515,0.21926910299003322,0.16943521594684385,0.6312292358803987,0.046511627906976744
112,2022-03-24,2022-03-24 07:02:00+00:00,2022-03-24 07:03:00+00:00,top_to_zero,top_to_zero,0.03482881613694988,0.8576158940397351,-0.0066225165562913135,0.9601328903654485,0.7774086378737541
113,2022-03-28,2022-03-28 07:47:00+00:00,2022-03-28 07:48:00+00:00,bottom_to_zero,bottom_to_zero,-0.036011542664473206,0.17105263157894737,0.125,0.8388157894736842,0.039473684210526314
114,2022-03-30,2022-03-30 05:34:00+00:00,2022-03-30 05:35:00+00:00,top_to_zero,top_to_zero,0.016587237820492335,0.8032786885245902,-0.02950819672131144,0.9049180327868852,0.8065573770491803
115,2022-03-31,2022-03-31 07:34:00+00:00,2022-03-31 07:35:00+00:00,top_to_zero,top_to_zero,0.034104485513489276,0.8566775244299675,-0.03908794788273606,0.9575163398692811,0.8534201954397395
116,2022-04-04,2022-04-04 07:03:00+00:00,2022-04-04 07:04:00+00:00,bottom_to_zero,bottom_to_zero,-0.018103887932147317,0.22006472491909385,0.08737864077669902,0.19093851132686085,0.05825242718446602
117,2022-04-05,2022-04-05 09:31:00+00:00,2022-04-05 09:32:00+00:00,bottom_to_zero,bottom_to_zero,-0.04584893763015319,0.1967741935483871,0.07741935483870968,0.7612903225806451,0.08387096774193549
118,2022-04-07,2022-04-07 05:15:00+00:00,2022-04-07 05:16:00+00:00,top_to_zero,top_to_zero,0.004582319614020058,0.7845659163987139,-0.045016077170418,0.907051282051282,0.8295819935691319
119,2022-04-08,2022-04-08 05:49:00+00:00,2022-04-08 05:50:00+00:00,bottom_to_zero,bottom_to_zero,-0.03737965752247718,0.1794871794871795,0.07371794871794872,0.28115015974440893,0.05448717948717949
120,2022-04-13,2022-04-13 07:20:00+00:00,2022-04-13 07:21:00+00:00,top_to_zero,top_to_zero,0.03059487357214507,0.8322784810126582,-0.015822784810126556,0.9335443037974683,0.5968253968253968
121,2022-04-20,2022-04-20 04:54:00+00:00,2022-04-20 04:55:00+00:00,bottom_to_zero,bottom_to_zero,-0.09200317785181938,0.22955974842767296,0.1480550462333156,0.22884012539184953,0.08150470219435736
122,2022-04-21,2022-04-21 05:52:00+00:00,2022-04-21 05:53:00+00:00,top_to_zero,top_to_zero,0.01908622329649376,0.7962382445141066,-0.028213166144200552,0.9028213166144201,0.8056426332288401
123,2022-04-22,2022-04-22 09:35:00+00:00,2022-04-22 09:36:00+00:00,bottom_to_zero,bottom_to_zero,-0.08321552566484439,0.22741433021806853,0.17133956386292834,0.565625,0.056074766355140186
124,2022-04-25,2022-04-25 07:58:00+00:00,2022-04-25 07:59:00+00:00,bottom_to_zero,bottom_to_zero,-0.030784429588914045,0.2111801242236025,0.13975155279503107,0.6428571428571429,0.06832298136645963
125,2022-04-28,2022-04-28 06:50:00+00:00,2022-04-28 06:51:00+00:00,top_to_zero,top_to_zero,0.042758932050662356,0.8738461538461538,-0.021538461538461506,0.9846153846153847,0.8861538461538462
126,2022-05-04,2022-05-04 05:13:00+00:00,2022-05-04 05:14:00+00:00,top_to_zero,top_to_zero,0.0007233344666002645,0.764525993883792,-0.09785932721712542,0.9143730886850153,0.7767584097859327
127,2022-05-05,2022-05-05 09:57:00+00:00,2022-05-05 09:58:00+00:00,bottom_to_zero,bottom_to_zero,-0.03108528850129938,0.1762917933130699,0.11246200607902736,0.899390243902439,0.05167173252279635
128,2022-05-06,2022-05-06 07:46:00+00:00,2022-05-06 07:47:00+00:00,bottom_to_zero,bottom_to_zero,-0.047294289317750746,0.11818181818181818,0.012121212121212116,0.1606060606060606,0.015197568389057751
129,2022-05-09,2022-05-09 08:33:00+00:00,2022-05-09 08:34:00+00:00,bottom_to_zero,bottom_to_zero,-0.06505723905121828,0.18126888217522658,0.024169184290030205,0.6797583081570997,0.0755287009063444
130,2022-05-10,2022-05-10 08:53:00+00:00,2022-05-10 08:54:00+00:00,bottom_to_zero,bottom_to_zero,-0.058676901467414305,0.19578313253012047,0.07831325301204818,0.7710843373493976,0.07228915662650602
131,2022-05-11,2022-05-11 06:34:00+00:00,2022-05-11 06:35:00+00:00,bottom_to_zero,bottom_to_zero,-0.030179100664006794,0.13513513513513514,0.012012012012012019,0.16516516516516516,0.03313253012048193
132,2022-05-12,2022-05-12 07:45:00+00:00,2022-05-12 07:46:00+00:00,top_to_zero,top_to_zero,0.033873967746680805,0.8682634730538922,-0.04790419161676651,0.990990990990991,0.8948948948948949
133,2022-05-13,2022-05-13 05:47:00+00:00,2022-05-13 05:48:00+00:00,bottom_to_zero,bottom_to_zero,-0.044863372370881956,0.15568862275449102,0.038922155688622756,0.1347305389221557,0.05389221556886228
134,2022-05-16,2022-05-16 04:54:00+00:00,2022-05-16 04:55:00+00:00,bottom_to_zero,bottom_to_zero,-0.12382681285786372,0.17313432835820897,0.11705956200306877,0.17313432835820897,0.056074766355140186
135,2022-05-18,2022-05-18 09:04:00+00:00,2022-05-18 09:05:00+00:00,bottom_to_zero,bottom_to_zero,-0.10360267205567451,0.12130177514792899,0.05917159763313609,0.650887573964497,0.01775147928994083
136,2022-05-19,2022-05-19 09:53:00+00:00,2022-05-19 09:54:00+00:00,top_to_zero,top_to_zero,0.0016374740125075227,0.2182890855457227,-0.002949852507374645,1.0,0.20648967551622419
137,2022-05-23,2022-05-23 04:54:00+00:00,2022-05-23 04:55:00+00:00,bottom_to_zero,bottom_to_zero,-0.10672883633780197,0.20294117647058824,0.1296273934793859,0.12903225806451613,0.07331378299120235
138,2022-05-24,2022-05-24 08:34:00+00:00,2022-05-24 08:35:00+00:00,bottom_to_zero,bottom_to_zero,-0.06601002727035024,0.1695906432748538,0.06725146198830409,0.8070175438596491,0.06432748538011696
139,2022-05-26,2022-05-26 07:38:00+00:00,2022-05-26 07:39:00+00:00,top_to_zero,top_to_zero,0.01953036371185579,0.872093023255814,-0.008720930232558155,0.9796511627906976,0.8808139534883721
140,2022-05-27,2022-05-27 05:33:00+00:00,2022-05-27 05:34:00+00:00,bottom_to_zero,bottom_to_zero,-0.04503422231469313,0.2005813953488372,0.10465116279069767,0.2318840579710145,0.0872093023255814
141,2022-06-02,2022-06-02 05:49:00+00:00,2022-06-02 05:50:00+00:00,top_to_zero,top_to_zero,0.03394900030257142,0.8764367816091954,-0.014367816091954033,0.9770773638968482,0.8850574712643678
142,2022-06-08,2022-06-08 06:10:00+00:00,2022-06-08 06:11:00+00:00,bottom_to_zero,bottom_to_zero,-0.028954760993368633,0.1388101983002833,0.0481586402266289,0.311614730878187,0.03409090909090909
143,2022-06-09,2022-06-09 07:39:00+00:00,2022-06-09 07:40:00+00:00,top_to_zero,top_to_zero,0.013858451814335343,0.768361581920904,-0.11016949152542366,0.9067796610169492,0.7138810198300283
144,2022-06-16,2022-06-16 06:15:00+00:00,2022-06-16 06:16:00+00:00,top_to_zero,top_to_zero,0.04409852921228066,0.8802228412256268,-0.06406685236768794,0.9804469273743017,0.8885793871866295
145,2022-06-17,2022-06-17 08:29:00+00:00,2022-06-17 08:30:00+00:00,bottom_to_zero,bottom_to_zero,-0.05312111259159724,0.1361111111111111,0.08055555555555555,0.08611111111111111,0.005555555555555556
146,2022-06-20,2022-06-20 06:09:00+00:00,2022-06-20 06:10:00+00:00,bottom_to_zero,bottom_to_zero,-0.024916930167750387,0.15789473684210525,0.024930747922437657,0.1523545706371191,0.05277777777777778
147,2022-06-23,2022-06-23 06:43:00+00:00,2022-06-23 06:44:00+00:00,top_to_zero,top_to_zero,0.04091892617822589,0.8543956043956044,-0.07142857142857151,0.9752747252747253,0.5302197802197802
148,2022-06-30,2022-06-30 09:53:00+00:00,2022-06-30 09:54:00+00:00,top_to_zero,top_to_zero,0.010785147277614052,0.6205962059620597,-0.06233062330623307,1.0,0.3821138211382114
149,2022-07-01,2022-07-01 05:56:00+00:00,2022-07-01 05:57:00+00:00,bottom_to_zero,bottom_to_zero,-0.02772463137471738,0.15989159891598917,0.0894308943089431,0.2702702702702703,0.051490514905149054
150,2022-07-07,2022-07-07 09:03:00+00:00,2022-07-07 09:04:00+00:00,top_to_zero,top_to_zero,0.010646966722665421,0.8850267379679144,-0.03475935828877008,0.9892761394101877,0.8903743315508021
151,2022-07-12,2022-07-12 06:13:00+00:00,2022-07-12 06:14:00+00:00,top_to_zero,top_to_zero,0.0238735099081818,0.7957559681697612,-0.021220159151193685,0.901595744680851,0.8037135278514589
152,2022-07-13,2022-07-13 05:17:00+00:00,2022-07-13 05:18:00+00:00,top_to_zero,top_to_zero,0.009475466995555772,0.8063660477453581,-0.037135278514588865,0.917989417989418,0.8328912466843501
153,2022-07-14,2022-07-14 07:57:00+00:00,2022-07-14 07:58:00+00:00,top_to_zero,top_to_zero,0.03518571455714345,0.8839050131926122,-0.02638522427440626,0.9841269841269841,0.8865435356200527
154,2022-07-18,2022-07-18 09:59:00+00:00,2022-07-18 10:00:00+00:00,top_to_zero,top_to_zero,0.00020933946820706276,0.8608923884514436,-0.055118110236220486,0.963254593175853,0.6342105263157894
155,2022-07-21,2022-07-21 06:02:00+00:00,2022-07-21 06:03:00+00:00,top_to_zero,top_to_zero,0.036838587792182305,0.8671875,-0.00520833333333337,0.96875,0.8720626631853786
156,2022-07-29,2022-07-29 06:34:00+00:00,2022-07-29 06:35:00+00:00,bottom_to_zero,bottom_to_zero,-0.022403794000641967,0.1794871794871795,0.056410256410256404,0.6435897435897436,0.06683804627249357
157,2022-08-04,2022-08-04 06:20:00+00:00,2022-08-04 06:21:00+00:00,top_to_zero,top_to_zero,0.010383419176612008,0.6218274111675127,-0.24619289340101524,0.9670050761421319,0.8651399491094147
158,2022-08-11,2022-08-11 06:07:00+00:00,2022-08-11 06:08:00+00:00,top_to_zero,top_to_zero,0.03934162852760934,0.8743718592964824,-0.015075376884422065,0.9748743718592965,0.8768844221105527
159,2022-08-19,2022-08-19 07:58:00+00:00,2022-08-19 07:59:00+00:00,bottom_to_zero,bottom_to_zero,-0.03593170675308921,0.16377171215880892,0.00992555831265507,0.5948051948051948,0.062034739454094295
160,2022-08-23,2022-08-23 07:13:00+00:00,2022-08-23 07:14:00+00:00,bottom_to_zero,bottom_to_zero,-0.024575748898719774,0.1728395061728395,0.03209876543209875,0.18765432098765433,0.06435643564356436
161,2022-08-25,2022-08-25 06:14:00+00:00,2022-08-25 06:15:00+00:00,top_to_zero,top_to_zero,0.027074596760506144,0.8304668304668305,-0.06879606879606881,0.9508599508599509,0.8522167487684729
162,2022-09-01,2022-09-01 09:04:00+00:00,2022-09-01 09:05:00+00:00,top_to_zero,top_to_zero,0.019699489804332324,0.8953771289537713,-0.06082725060827254,0.9975669099756691,0.851581508515815
163,2022-09-13,2022-09-13 05:11:00+00:00,2022-09-13 05:12:00+00:00,top_to_zero,top_to_zero,0.008518204577901835,0.8133971291866029,-0.021531100478468845,0.9225,0.8229665071770335
164,2022-09-15,2022-09-15 09:21:00+00:00,2022-09-15 09:22:00+00:00,top_to_zero,top_to_zero,0.009715875870747188,0.8598574821852731,-0.03562945368171022,0.9691211401425178,0.4323040380047506
165,2022-09-19,2022-09-19 05:03:00+00:00,2022-09-19 05:04:00+00:00,bottom_to_zero,bottom_to_zero,-0.08849138416813879,0.13981042654028436,0.10426540284360189,0.0947867298578199,0.035545023696682464
166,2022-09-21,2022-09-21 07:09:00+00:00,2022-09-21 07:10:00+00:00,top_to_zero,top_to_zero,0.022887228476390242,0.8023529411764706,-0.018823529411764683,0.9035294117647059,0.4447058823529412
167,2022-09-22,2022-09-22 09:10:00+00:00,2022-09-22 09:11:00+00:00,top_to_zero,top_to_zero,0.011904688082742157,0.8427230046948356,-0.03521126760563387,0.971830985915493,0.6220657276995305
168,2022-09-23,2022-09-23 05:33:00+00:00,2022-09-23 05:34:00+00:00,bottom_to_zero,bottom_to_zero,-0.04643601052462617,0.16901408450704225,0.05164319248826291,0.15258215962441316,0.05868544600938967
169,2022-09-26,2022-09-26 05:37:00+00:00,2022-09-26 05:38:00+00:00,bottom_to_zero,bottom_to_zero,-0.05139130961520663,0.15690866510538642,0.03747072599531617,0.11943793911007025,0.035046728971962614
170,2022-09-27,2022-09-27 07:48:00+00:00,2022-09-27 07:49:00+00:00,bottom_to_zero,bottom_to_zero,-0.03312516100778817,0.16317016317016317,0.03729603729603728,0.13986013986013987,0.04205607476635514
171,2022-09-28,2022-09-28 07:55:00+00:00,2022-09-28 07:56:00+00:00,bottom_to_zero,bottom_to_zero,-0.02938836101592448,0.20232558139534884,0.07209302325581396,0.33488372093023255,0.07906976744186046
172,2022-09-29,2022-09-29 08:32:00+00:00,2022-09-29 08:33:00+00:00,top_to_zero,top_to_zero,0.02236313140439354,0.8445475638051044,-0.09280742459396751,0.9675174013921114,0.679814385150812
173,2022-09-30,2022-09-30 06:57:00+00:00,2022-09-30 06:58:00+00:00,bottom_to_zero,bottom_to_zero,-0.029307613074118985,0.11574074074074074,0.02083333333333333,0.1087962962962963,0.013921113689095127
174,2022-10-03,2022-10-03 05:17:00+00:00,2022-10-03 05:18:00+00:00,bottom_to_zero,bottom_to_zero,-0.05113379714355019,0.16203703703703703,0.020833333333333343,0.1574074074074074,0.06004618937644342
175,2022-10-06,2022-10-06 06:37:00+00:00,2022-10-06 06:38:00+00:00,top_to_zero,top_to_zero,0.022569813081331193,0.7540229885057471,-0.08735632183908049,0.9055299539170507,0.7701149425287356
176,2022-10-13,2022-10-13 07:10:00+00:00,2022-10-13 07:11:00+00:00,top_to_zero,top_to_zero,0.032593826210809654,0.8340909090909091,-0.045454545454545414,0.9363636363636364,0.7113636363636363
177,2022-10-20,2022-10-20 09:28:00+00:00,2022-10-20 09:29:00+00:00,top_to_zero,top_to_zero,0.0007170830303953393,0.7775280898876404,-0.11011235955056176,0.9123595505617977,0.8202247191011236
178,2022-11-01,2022-11-01 05:23:00+00:00,2022-11-01 05:24:00+00:00,top_to_zero,top_to_zero,0.01601280764389903,0.8066666666666666,-0.02444444444444449,0.9068736141906873,0.8088888888888889
179,2022-11-17,2022-11-17 09:44:00+00:00,2022-11-17 09:45:00+00:00,top_to_zero,top_to_zero,0.03349190952922821,0.6904761904761905,-0.15367965367965364,0.9307359307359307,0.6883116883116883
180,2022-11-24,2022-11-24 09:39:00+00:00,2022-11-24 09:40:00+00:00,top_to_zero,top_to_zero,0.012345090185514416,0.8479657387580299,-0.062098501070663836,0.9528907922912205,0.6895074946466809
181,2022-12-01,2022-12-01 08:46:00+00:00,2022-12-01 08:47:00+00:00,top_to_zero,top_to_zero,0.014813278392405545,0.826271186440678,-0.05720338983050843,0.9385593220338984,0.7473460721868365
182,2022-12-15,2022-12-15 09:59:00+00:00,2022-12-15 10:00:00+00:00,top_to_zero,top_to_zero,0.02665565763402157,0.4460580912863071,-0.024896265560165942,0.966804979253112,0.43775933609958506
183,2022-12-16,2022-12-16 08:15:00+00:00,2022-12-16 08:16:00+00:00,bottom_to_zero,bottom_to_zero,-0.037638041297952486,0.18840579710144928,0.04140786749482403,0.3132780082987552,0.08488612836438923
184,2022-12-22,2022-12-22 09:00:00+00:00,2022-12-22 09:01:00+00:00,top_to_zero,top_to_zero,0.0070125088447226674,0.7720739219712526,-0.1314168377823408,0.9137577002053389,0.257201646090535
185,2022-12-23,2022-12-23 08:28:00+00:00,2022-12-23 08:29:00+00:00,bottom_to_zero,bottom_to_zero,-0.04777161863261191,0.17827868852459017,0.026639344262295084,0.32581967213114754,0.07581967213114754
186,2022-12-27,2022-12-27 05:15:00+00:00,2022-12-27 05:16:00+00:00,bottom_to_zero,bottom_to_zero,-0.0614529131331637,0.18404907975460122,0.03885480572597136,0.17177914110429449,0.08384458077709611
187,2023-01-11,2023-01-11 05:13:00+00:00,2023-01-11 05:14:00+00:00,bottom_to_zero,bottom_to_zero,-0.03201751868436248,0.292,0.242,0.144,0.046
188,2023-01-19,2023-01-19 05:41:00+00:00,2023-01-19 05:42:00+00:00,top_to_zero,top_to_zero,0.020193673564040313,0.7984189723320159,-0.035573122529644174,0.9013806706114399,0.8023715415019763
189,2023-01-25,2023-01-25 04:59:00+00:00,2023-01-25 05:00:00+00:00,top_to_zero,top_to_zero,0.00309850734997702,0.8137254901960784,-0.08647020452016418,0.923679060665362,0.8352941176470589
190,2023-01-27,2023-01-27 06:15:00+00:00,2023-01-27 06:16:00+00:00,bottom_to_zero,bottom_to_zero,-0.018806713779061235,0.140625,0.05078125,0.13671875,0.033268101761252444
191,2023-01-30,2023-01-30 05:17:00+00:00,2023-01-30 05:18:00+00:00,bottom_to_zero,bottom_to_zero,-0.07914051023855977,0.109375,0.01171875,0.09765625,0.0
192,2023-02-01,2023-02-01 05:51:00+00:00,2023-02-01 05:52:00+00:00,top_to_zero,top_to_zero,0.02029187094776984,0.8540856031128404,-0.04280155642023353,0.9727626459143969,0.8832684824902723
193,2023-02-02,2023-02-02 05:28:00+00:00,2023-02-02 05:29:00+00:00,bottom_to_zero,bottom_to_zero,-0.06269789898283057,0.12815533980582525,0.06407766990291262,0.10097087378640776,0.02524271844660194
194,2023-02-03,2023-02-03 07:35:00+00:00,2023-02-03 07:36:00+00:00,bottom_to_zero,bottom_to_zero,-0.03224630139055219,0.13539651837524178,0.02321083172147001,0.1898989898989899,0.03288201160541586
195,2023-02-06,2023-02-06 06:27:00+00:00,2023-02-06 06:28:00+00:00,bottom_to_zero,bottom_to_zero,-0.0097831234594692,0.21428571428571427,0.07528957528957528,0.16795366795366795,0.07930367504835589
196,2023-02-16,2023-02-16 07:54:00+00:00,2023-02-16 07:55:00+00:00,top_to_zero,top_to_zero,0.021868132770763583,0.8041825095057035,-0.053231939163498,0.9049429657794676,0.688212927756654
197,2023-02-27,2023-02-27 07:10:00+00:00,2023-02-27 07:11:00+00:00,bottom_to_zero,bottom_to_zero,-0.018685304362396064,0.18761726078799248,0.06378986866791744,0.2593984962406015,0.07879924953095685
198,2023-03-02,2023-03-02 09:25:00+00:00,2023-03-02 09:26:00+00:00,top_to_zero,top_to_zero,0.0031959751287791993,0.7947761194029851,-0.06902985074626866,0.9029850746268657,0.4542056074766355
199,2023-03-13,2023-03-13 05:27:00+00:00,2023-03-13 05:28:00+00:00,bottom_to_zero,bottom_to_zero,-0.040350765435761785,0.21072088724584104,0.01848428835489835,0.19593345656192238,0.09611829944547134
200,2023-03-14,2023-03-14 08:41:00+00:00,2023-03-14 08:42:00+00:00,bottom_to_zero,bottom_to_zero,-0.0697966342582528,0.12154696132596685,0.0294659300184162,0.16022099447513813,0.003683241252302026
201,2023-03-16,2023-03-16 06:23:00+00:00,2023-03-16 06:24:00+00:00,bottom_to_zero,bottom_to_zero,-0.009091177358311983,0.20550458715596331,0.08990825688073395,0.7665441176470589,0.09357798165137615
202,2023-03-17,2023-03-17 06:05:00+00:00,2023-03-17 06:06:00+00:00,bottom_to_zero,bottom_to_zero,-0.021101953942201906,0.18864468864468864,0.09523809523809523,0.22018348623853212,0.08791208791208792
203,2023-03-23,2023-03-23 09:15:00+00:00,2023-03-23 09:16:00+00:00,top_to_zero,top_to_zero,0.004430202815955707,0.7818181818181819,-0.05999999999999994,0.9,0.6927272727272727
204,2023-03-24,2023-03-24 08:18:00+00:00,2023-03-24 08:19:00+00:00,bottom_to_zero,bottom_to_zero,-0.038702568088167605,0.18330308529945555,0.01088929219600726,0.17967332123411978,0.08
205,2023-03-29,2023-03-29 05:56:00+00:00,2023-03-29 05:57:00+00:00,top_to_zero,top_to_zero,0.019007119477030758,0.7992766726943942,-0.054249547920434016,0.9404332129963899,0.8444846292947559
206,2023-04-27,2023-04-27 05:06:00+00:00,2023-04-27 05:07:00+00:00,top_to_zero,top_to_zero,0.004624387861745963,0.8122807017543859,-0.056140350877193046,0.9124343257443083,0.8210526315789474
207,2023-05-05,2023-05-05 08:23:00+00:00,2023-05-05 08:24:00+00:00,bottom_to_zero,bottom_to_zero,-0.046000685652885655,0.15104166666666666,0.017361111111111105,0.7256944444444444,0.050347222222222224
208,2023-05-19,2023-05-19 07:31:00+00:00,2023-05-19 07:32:00+00:00,bottom_to_zero,bottom_to_zero,-0.021879976931444778,0.18430034129692832,0.008532423208191114,0.36006825938566556,0.08361774744027303
209,2023-06-01,2023-06-01 09:48:00+00:00,2023-06-01 09:49:00+00:00,top_to_zero,top_to_zero,0.02117279342411126,0.7294117647058823,-0.1075630252100841,0.9764705882352941,0.6420168067226891
210,2023-06-08,2023-06-08 05:20:00+00:00,2023-06-08 05:21:00+00:00,top_to_zero,top_to_zero,0.009607794271487962,0.8030050083472454,-0.025041736227045086,0.9033333333333333,0.8130217028380634
211,2023-06-22,2023-06-22 05:30:00+00:00,2023-06-22 05:31:00+00:00,top_to_zero,top_to_zero,0.012953100175815826,0.8078817733990148,-0.016420361247947435,0.9113300492610837,0.8160919540229885
212,2023-07-06,2023-07-06 06:25:00+00:00,2023-07-06 06:26:00+00:00,top_to_zero,top_to_zero,0.03176010368217951,0.8691437802907916,-0.004846526655896577,0.9709208400646203,0.8723747980613893
213,2023-07-13,2023-07-13 08:45:00+00:00,2023-07-13 08:46:00+00:00,top_to_zero,top_to_zero,0.01694184139465347,0.8381410256410257,-0.019230769230769162,0.9439102564102564,0.7062600321027287
214,2023-07-18,2023-07-18 08:06:00+00:00,2023-07-18 08:07:00+00:00,bottom_to_zero,bottom_to_zero,-0.029375015295502595,0.18660287081339713,0.030303030303030304,0.6277955271565495,0.08293460925039872
215,2023-07-27,2023-07-27 06:23:00+00:00,2023-07-27 06:24:00+00:00,top_to_zero,top_to_zero,0.027087142865528234,0.8422712933753943,-0.025236593059936974,0.943217665615142,0.8451816745655608
216,2023-08-03,2023-08-03 09:19:00+00:00,2023-08-03 09:20:00+00:00,top_to_zero,top_to_zero,0.009746454443328348,0.837245696400626,-0.06103286384976525,0.9671361502347418,0.6275430359937402
217,2023-08-17,2023-08-17 05:40:00+00:00,2023-08-17 05:41:00+00:00,top_to_zero,top_to_zero,0.018860586040234124,0.8454404945904173,-0.0061823802163833985,0.9475308641975309,0.848531684698609
218,2023-08-24,2023-08-24 05:23:00+00:00,2023-08-24 05:24:00+00:00,top_to_zero,top_to_zero,0.009429898959449068,0.7975460122699386,-0.024539877300613577,0.9050535987748851,0.8052147239263804
219,2023-09-07,2023-09-07 09:29:00+00:00,2023-09-07 09:30:00+00:00,top_to_zero,top_to_zero,0.0005431506863584346,0.8672699849170438,-0.05279034690799389,0.9698340874811463,0.43137254901960786
220,2023-09-12,2023-09-12 05:44:00+00:00,2023-09-12 05:45:00+00:00,bottom_to_zero,bottom_to_zero,-0.033336742696989906,0.14285714285714285,0.045112781954887216,0.14714714714714713,0.039097744360902256
221,2023-10-10,2023-10-10 05:14:00+00:00,2023-10-10 05:15:00+00:00,top_to_zero,top_to_zero,0.005645062247869788,0.8023426061493412,-0.02342606149341142,0.9035087719298246,0.8052708638360175
222,2023-10-25,2023-10-25 08:48:00+00:00,2023-10-25 08:49:00+00:00,bottom_to_zero,bottom_to_zero,-0.0407282643995419,0.1729106628242075,0.03602305475504325,0.5021645021645021,0.04899135446685879
223,2023-11-29,2023-11-29 05:13:00+00:00,2023-11-29 05:14:00+00:00,top_to_zero,top_to_zero,0.003911881433182121,0.8002793296089385,-0.012569832402234637,0.902370990237099,0.8114525139664804
224,2023-12-05,2023-12-05 07:14:00+00:00,2023-12-05 07:15:00+00:00,bottom_to_zero,bottom_to_zero,-0.008915913797185478,0.26768377253814146,0.09847434119278778,0.8416666666666667,0.08183079056865465
225,2023-12-14,2023-12-14 09:45:00+00:00,2023-12-14 09:46:00+00:00,top_to_zero,top_to_zero,0.16273796581659933,0.7815934065934066,-0.2184065934065934,1.0,0.39697802197802196
226,2023-12-20,2023-12-20 09:36:00+00:00,2023-12-20 09:37:00+00:00,bottom_to_zero,bottom_to_zero,-0.09696451694885107,0.11612021857923498,0.04508196721311476,0.76775956284153,0.00819672131147541
227,2023-12-21,2023-12-21 06:13:00+00:00,2023-12-21 06:14:00+00:00,bottom_to_zero,bottom_to_zero,-0.013128971151341769,0.17871759890859482,0.13096862210095497,0.1432469304229195,0.036834924965893585
228,2023-12-22,2023-12-22 09:37:00+00:00,2023-12-22 09:38:00+00:00,bottom_to_zero,bottom_to_zero,-0.07153914361427688,0.17166212534059946,0.020435967302452313,0.42155525238744884,0.07084468664850137
229,2024-01-02,2024-01-02 06:45:00+00:00,2024-01-02 06:46:00+00:00,bottom_to_zero,bottom_to_zero,-0.01464492130055954,0.17297297297297298,0.01891891891891892,0.43513513513513513,0.06901217861975643
230,2024-01-08,2024-01-08 07:28:00+00:00,2024-01-08 07:29:00+00:00,bottom_to_zero,bottom_to_zero,-0.012859202904791808,0.19489247311827956,0.07123655913978494,0.43203230148048455,0.07661290322580645
231,2024-01-18,2024-01-18 06:27:00+00:00,2024-01-18 06:28:00+00:00,bottom_to_zero,bottom_to_zero,-0.021453507954755993,0.12898936170212766,0.050531914893617025,0.15691489361702127,0.023968042609853527
232,2024-01-19,2024-01-19 07:10:00+00:00,2024-01-19 07:11:00+00:00,bottom_to_zero,bottom_to_zero,-0.01017957478638003,0.22841965471447542,0.10225763612217795,0.48936170212765956,0.06241699867197875
233,2024-01-23,2024-01-23 08:13:00+00:00,2024-01-23 08:14:00+00:00,bottom_to_zero,bottom_to_zero,-0.040658924368416005,0.12582781456953643,0.018543046357615903,0.3258278145695364,0.025165562913907286
234,2024-01-24,2024-01-24 05:47:00+00:00,2024-01-24 05:48:00+00:00,bottom_to_zero,bottom_to_zero,-0.02367579608889074,0.16423841059602648,0.05430463576158939,0.12582781456953643,0.031788079470198675
235,2024-01-25,2024-01-25 05:57:00+00:00,2024-01-25 05:58:00+00:00,top_to_zero,top_to_zero,0.014989451572059734,0.8505291005291006,-0.021164021164021163,0.951058201058201,0.37912813738441214
236,2024-01-31,2024-01-31 06:59:00+00:00,2024-01-31 07:00:00+00:00,top_to_zero,top_to_zero,0.012839644627049646,0.8105263157894737,-0.08684210526315794,0.9236842105263158,0.25559947299077734
237,2024-02-01,2024-02-01 06:24:00+00:00,2024-02-01 06:25:00+00:00,top_to_zero,top_to_zero,0.026680013863438018,0.8869908015768725,-0.04993429697766105,1.0,0.9290407358738502
238,2024-02-02,2024-02-02 08:48:00+00:00,2024-02-02 08:49:00+00:00,bottom_to_zero,bottom_to_zero,-0.0690109615615451,0.10236220472440945,0.04199475065616798,0.6938239159001314,0.0
239,2024-02-08,2024-02-08 06:38:00+00:00,2024-02-08 06:39:00+00:00,bottom_to_zero,bottom_to_zero,-0.02106979355640789,0.12140992167101827,0.06657963446475196,0.4177545691906005,0.018276762402088774
240,2024-02-09,2024-02-09 07:00:00+00:00,2024-02-09 07:01:00+00:00,bottom_to_zero,bottom_to_zero,-0.016798748284818796,0.15514993481095177,0.028683181225554105,0.14471968709256844,0.05345501955671447
241,2024-02-12,2024-02-12 06:18:00+00:00,2024-02-12 06:19:00+00:00,bottom_to_zero,bottom_to_zero,-0.013618341294458231,0.19401041666666666,0.014322916666666657,0.18098958333333334,0.08604954367666232
242,2024-02-13,2024-02-13 05:15:00+00:00,2024-02-13 05:16:00+00:00,bottom_to_zero,bottom_to_zero,-0.04492189335916363,0.14713541666666666,0.04036458333333333,0.10677083333333333,0.031209362808842653
243,2024-02-15,2024-02-15 05:27:00+00:00,2024-02-15 05:28:00+00:00,bottom_to_zero,bottom_to_zero,-0.023088464697847894,0.2948051948051948,0.15454545454545454,0.1815823605706874,0.0987012987012987
244,2024-02-22,2024-02-22 06:49:00+00:00,2024-02-22 06:50:00+00:00,top_to_zero,top_to_zero,0.016398007386953413,0.7989690721649485,-0.1030927835051546,0.9020618556701031,0.19741935483870968
245,2024-02-28,2024-02-28 06:33:00+00:00,2024-02-28 06:34:00+00:00,bottom_to_zero,bottom_to_zero,-0.01911117347326652,0.12179487179487179,0.08846153846153845,0.8897435897435897,0.017948717948717947
246,2024-02-29,2024-02-29 05:56:00+00:00,2024-02-29 05:57:00+00:00,bottom_to_zero,bottom_to_zero,-0.017997035486387578,0.18333333333333332,0.05384615384615382,0.5979513444302177,0.07307692307692308
247,2024-03-01,2024-03-01 07:10:00+00:00,2024-03-01 07:11:00+00:00,bottom_to_zero,bottom_to_zero,-0.00043721587964908395,0.42071611253196933,0.3056265984654732,0.5441741357234315,0.09335038363171355
248,2024-03-06,2024-03-06 06:39:00+00:00,2024-03-06 06:40:00+00:00,bottom_to_zero,bottom_to_zero,-0.013507229496208906,0.18853503184713377,0.01656050955414015,0.17834394904458598,0.07653061224489796
249,2024-03-12,2024-03-12 06:33:00+00:00,2024-03-12 06:34:00+00:00,bottom_to_zero,bottom_to_zero,-0.026518707759003668,0.11294416243654823,0.02664974619289341,0.32147395171537485,0.0025380710659898475
250,2024-03-13,2024-03-13 07:58:00+00:00,2024-03-13 07:59:00+00:00,bottom_to_zero,bottom_to_zero,-0.022859493139052584,0.15842839036755388,0.04562737642585553,0.2233502538071066,0.02788339670468948
251,2024-03-18,2024-03-18 07:44:00+00:00,2024-03-18 07:45:00+00:00,bottom_to_zero,bottom_to_zero,-0.017769081331222233,0.17803030303030304,0.040404040404040414,0.16540404040404041,0.06439393939393939
252,2024-03-20,2024-03-20 07:14:00+00:00,2024-03-20 07:15:00+00:00,bottom_to_zero,bottom_to_zero,-0.011359118888977879,0.22544080604534006,0.09949622166246852,0.23929471032745592,0.0982367758186398
253,2024-03-22,2024-03-22 06:19:00+00:00,2024-03-22 06:20:00+00:00,bottom_to_zero,bottom_to_zero,-0.014067282147992225,0.20979899497487436,0.04899497487437185,0.17839195979899497,0.0830188679245283
254,2024-03-28,2024-03-28 05:18:00+00:00,2024-03-28 05:19:00+00:00,top_to_zero,top_to_zero,0.003389502577991692,0.6491228070175439,-0.04761904761904756,0.9161451814768461,0.6303258145363408
255,2024-04-04,2024-04-04 06:27:00+00:00,2024-04-04 06:28:00+00:00,bottom_to_zero,bottom_to_zero,-0.019948162153963597,0.1295143212951432,0.1008717310087173,0.20298879202988793,0.026151930261519303
256,2024-04-12,2024-04-12 08:07:00+00:00,2024-04-12 08:08:00+00:00,bottom_to_zero,bottom_to_zero,-0.02899348432399919,0.12995049504950495,0.01608910891089109,0.483271375464684,0.023514851485148515
257,2024-04-18,2024-04-18 09:09:00+00:00,2024-04-18 09:10:00+00:00,bottom_to_zero,bottom_to_zero,-0.02983741808369883,0.19852034525277434,0.17632552404438964,1.0,0.0
258,2024-04-19,2024-04-19 09:32:00+00:00,2024-04-19 09:33:00+00:00,bottom_to_zero,bottom_to_zero,-0.06856515379958612,0.15763546798029557,0.04064039408866996,0.2318125770653514,0.05541871921182266
259,2024-04-25,2024-04-25 05:04:00+00:00,2024-04-25 05:05:00+00:00,top_to_zero,top_to_zero,0.0010650774519980755,0.8098159509202454,-0.026993865030674913,0.9227941176470589,0.8134969325153374
260,2024-05-02,2024-05-02 05:50:00+00:00,2024-05-02 05:51:00+00:00,top_to_zero,top_to_zero,0.004917933207394441,0.7643467643467643,-0.1062271062271063,0.9231707317073171,0.8376068376068376
261,2024-05-03,2024-05-03 08:32:00+00:00,2024-05-03 08:33:00+00:00,bottom_to_zero,bottom_to_zero,-0.049348488815024356,0.13276492082825822,0.024360535931790495,0.2838002436053593,0.02804878048780488
262,2024-05-06,2024-05-06 05:16:00+00:00,2024-05-06 05:17:00+00:00,bottom_to_zero,bottom_to_zero,-0.058203966730723755,0.14372716199756394,0.09987819732034103,0.06690997566909976,0.030450669914738125
263,2024-05-07,2024-05-07 07:09:00+00:00,2024-05-07 07:10:00+00:00,bottom_to_zero,bottom_to_zero,-0.012355765018092352,0.21142162818955043,0.038882138517618486,0.2660996354799514,0.09477521263669501
264,2024-05-08,2024-05-08 06:08:00+00:00,2024-05-08 06:09:00+00:00,bottom_to_zero,bottom_to_zero,-0.014073237697142395,0.22936893203883496,0.05339805825242719,0.3713592233009709,0.09720534629404617
265,2024-05-09,2024-05-09 06:50:00+00:00,2024-05-09 06:51:00+00:00,top_to_zero,top_to_zero,0.016188104878257045,0.7793939393939394,-0.12121212121212122,0.9006060606060606,0.5740291262135923
266,2024-05-10,2024-05-10 06:36:00+00:00,2024-05-10 06:37:00+00:00,bottom_to_zero,bottom_to_zero,-0.017503190154327785,0.1694915254237288,0.009685230024213065,0.22424242424242424,0.06787878787878789
267,2024-05-13,2024-05-13 07:18:00+00:00,2024-05-13 07:19:00+00:00,bottom_to_zero,bottom_to_zero,-0.015132794859741137,0.18500604594921402,0.030229746070133012,0.1717049576783555,0.0761789600967352
268,2024-05-16,2024-05-16 05:22:00+00:00,2024-05-16 05:23:00+00:00,top_to_zero,top_to_zero,0.01050552622587779,0.8854041013268998,-0.059107358262967424,0.9855421686746988,0.9143546441495778
269,2024-05-17,2024-05-17 06:22:00+00:00,2024-05-17 06:23:00+00:00,bottom_to_zero,bottom_to_zero,-0.011614081507744392,0.2394705174488568,0.11913357400722023,0.28279181708784595,0.08433734939759036
270,2024-05-23,2024-05-23 05:29:00+00:00,2024-05-23 05:30:00+00:00,top_to_zero,top_to_zero,0.01999692683113244,0.8847539015606243,-0.037214885954381716,0.986810551558753,0.8979591836734694
271,2024-05-30,2024-05-30 09:57:00+00:00,2024-05-30 09:58:00+00:00,top_to_zero,top_to_zero,0.09738170196933332,0.10011918951132301,-0.008343265792610244,0.9976162097735399,0.10011918951132301
272,2024-05-31,2024-05-31 09:50:00+00:00,2024-05-31 09:51:00+00:00,top_to_zero,top_to_zero,0.0007552139483575637,0.8559523809523809,-0.11071428571428577,0.9928571428571429,0.8285714285714286
273,2024-06-05,2024-06-05 08:25:00+00:00,2024-06-05 08:26:00+00:00,bottom_to_zero,bottom_to_zero,-0.04717199269511213,0.11387900355871886,0.07117437722419928,0.08066429418742586,0.0011862396204033216
274,2024-06-06,2024-06-06 04:54:00+00:00,2024-06-06 04:55:00+00:00,bottom_to_zero,bottom_to_zero,-0.0441181896101944,0.3534994068801898,0.2729306865010429,0.22748815165876776,0.08056872037914692
275,2024-06-07,2024-06-07 05:58:00+00:00,2024-06-07 05:59:00+00:00,bottom_to_zero,bottom_to_zero,-0.017424668323966726,0.21420118343195266,0.0862390981238958,0.17041420118343195,0.06753554502369669
276,2024-06-10,2024-06-10 05:12:00+00:00,2024-06-10 05:13:00+00:00,bottom_to_zero,bottom_to_zero,-0.05576785434478067,0.13727810650887573,0.08757396449704141,0.11242603550295859,0.03431952662721893
277,2024-06-19,2024-06-19 06:33:00+00:00,2024-06-19 06:34:00+00:00,bottom_to_zero,bottom_to_zero,-0.019579621864403346,0.13615023474178403,0.06338028169014084,0.2312206572769953,0.03290246768507638
278,2024-06-20,2024-06-20 05:04:00+00:00,2024-06-20 05:05:00+00:00,bottom_to_zero,bottom_to_zero,-0.05029846827556712,0.2335680751173709,0.1455399061032864,0.10316529894490035,0.06690140845070422
279,2024-06-21,2024-06-21 07:05:00+00:00,2024-06-21 07:06:00+00:00,bottom_to_zero,bottom_to_zero,-0.016597265295572844,0.17447306791569087,0.0433255269320843,0.29156908665105385,0.04800936768149883
280,2024-06-24,2024-06-24 06:55:00+00:00,2024-06-24 06:56:00+00:00,bottom_to_zero,bottom_to_zero,-0.011122701492051554,0.2,0.052631578947368446,0.40866510538641687,0.0935672514619883
281,2024-06-27,2024-06-27 06:05:00+00:00,2024-06-27 06:06:00+00:00,bottom_to_zero,bottom_to_zero,-0.01729062615798653,0.19230769230769232,0.1258741258741259,0.9008168028004667,0.06293706293706294
282,2024-06-28,2024-06-28 08:08:00+00:00,2024-06-28 08:09:00+00:00,bottom_to_zero,bottom_to_zero,-0.03193560071186133,0.1420256111757858,0.037252619324796274,0.5384615384615384,0.03608847497089639
283,2024-07-10,2024-07-10 06:13:00+00:00,2024-07-10 06:14:00+00:00,bottom_to_zero,bottom_to_zero,-0.016863713928679098,0.16724336793540945,0.0980392156862745,0.4867358708189158,0.023094688221709007
284,2024-07-11,2024-07-11 09:30:00+00:00,2024-07-11 09:31:00+00:00,bottom_to_zero,bottom_to_zero,-0.0017268723738860514,0.8767281105990783,0.034562211981566726,0.8767281105990783,0.0956221198156682
285,2024-07-12,2024-07-12 06:53:00+00:00,2024-07-12 06:54:00+00:00,bottom_to_zero,bottom_to_zero,-0.019344850578645923,0.12543153049482164,0.03452243958573073,0.26352128883774456,0.005753739930955121
286,2024-07-18,2024-07-18 07:53:00+00:00,2024-07-18 07:54:00+00:00,top_to_zero,top_to_zero,0.004138622802367653,0.6639908256880734,-0.25917431192660545,0.9369266055045872,0.19632606199770378
287,2024-07-22,2024-07-22 05:48:00+00:00,2024-07-22 05:49:00+00:00,top_to_zero,top_to_zero,0.010512556592184759,0.7995418098510882,-0.07903780068728516,0.9037800687285223,0.5068649885583524
288,2024-07-23,2024-07-23 05:07:00+00:00,2024-07-23 05:08:00+00:00,top_to_zero,top_to_zero,0.0020536399836553337,0.7734553775743707,-0.18764302059496574,0.9610983981693364,0.7734553775743707
289,2024-07-24,2024-07-24 07:39:00+00:00,2024-07-24 07:40:00+00:00,bottom_to_zero,bottom_to_zero,-0.01270807330109433,0.1689497716894977,0.04337899543378995,0.14269406392694065,0.05714285714285714
290,2024-07-29,2024-07-29 07:58:00+00:00,2024-07-29 07:59:00+00:00,bottom_to_zero,bottom_to_zero,-0.035353277477888856,0.11376564277588168,0.051194539249146756,0.4641638225255973,0.007963594994311717
291,2024-08-01,2024-08-01 09:15:00+00:00,2024-08-01 09:16:00+00:00,top_to_zero,top_to_zero,0.0011028445783493462,0.7687074829931972,-0.14852607709750565,0.9172335600907029,0.5732122587968218
292,2024-08-05,2024-08-05 07:22:00+00:00,2024-08-05 07:23:00+00:00,bottom_to_zero,bottom_to_zero,-0.03396848364979861,0.10520361990950226,0.037330316742081454,0.23442808607021517,0.003393665158371041
293,2024-08-06,2024-08-06 06:40:00+00:00,2024-08-06 06:41:00+00:00,bottom_to_zero,bottom_to_zero,-0.021917700458402925,0.12542372881355932,0.016949152542372878,0.1753393665158371,0.021493212669683258
294,2024-08-07,2024-08-07 06:35:00+00:00,2024-08-07 06:36:00+00:00,bottom_to_zero,bottom_to_zero,-0.004519860994288881,0.29683972911963885,0.20203160270880363,0.3690744920993228,0.05084745762711865
295,2024-08-08,2024-08-08 05:57:00+00:00,2024-08-08 05:58:00+00:00,top_to_zero,top_to_zero,0.023517854198734256,0.11386696730552424,-0.01367253608048026,0.9695193434935522,0.09593679458239278
296,2024-08-12,2024-08-12 06:58:00+00:00,2024-08-12 06:59:00+00:00,bottom_to_zero,bottom_to_zero,-0.014113371230068478,0.18672665916760406,0.04949381327334085,0.41103603603603606,0.06974128233970754
297,2024-08-16,2024-08-16 07:37:00+00:00,2024-08-16 07:38:00+00:00,bottom_to_zero,bottom_to_zero,-0.02205759996279684,0.15582959641255606,0.013452914798206289,0.18834080717488788,0.04932735426008968
298,2024-08-29,2024-08-29 08:46:00+00:00,2024-08-29 08:47:00+00:00,top_to_zero,top_to_zero,0.005870413228543786,0.8346281908990011,-0.13096559378468375,0.9988901220865705,0.7533333333333333
299,2024-09-05,2024-09-05 05:45:00+00:00,2024-09-05 05:46:00+00:00,top_to_zero,top_to_zero,0.012652381739379517,0.8121546961325967,-0.012154696132596676,0.9149171270718232,0.8154696132596685
300,2024-09-06,2024-09-06 06:07:00+00:00,2024-09-06 06:08:00+00:00,bottom_to_zero,bottom_to_zero,-0.031058433890821052,0.12458654906284454,0.016538037486218293,0.1113561190738699,0.019867549668874173
301,2024-09-12,2024-09-12 05:24:00+00:00,2024-09-12 05:25:00+00:00,top_to_zero,top_to_zero,0.007872201574676031,0.7648351648351648,-0.1197802197802198,0.9021978021978022,0.4445664105378705
302,2024-09-18,2024-09-18 05:19:00+00:00,2024-09-18 05:20:00+00:00,top_to_zero,top_to_zero,0.005510509734459778,0.8326039387308534,-0.029540481400437635,0.9431693989071038,0.849015317286652
303,2024-09-19,2024-09-19 07:31:00+00:00,2024-09-19 07:32:00+00:00,bottom_to_zero,bottom_to_zero,-0.009460133629139438,0.24563318777292575,0.13427947598253276,0.6834061135371179,0.0665938864628821
304,2024-09-20,2024-09-20 07:05:00+00:00,2024-09-20 07:06:00+00:00,bottom_to_zero,bottom_to_zero,-0.022305549193865105,0.13086150490730644,0.013086150490730655,0.12758996728462377,0.027292576419213975
305,2024-09-23,2024-09-23 09:59:00+00:00,2024-09-23 10:00:00+00:00,top_to_zero,top_to_zero,0.0004915688569079035,0.8453159041394336,-0.057734204793028265,0.9455337690631809,0.6459694989106753
306,2024-10-01,2024-10-01 07:17:00+00:00,2024-10-01 07:18:00+00:00,bottom_to_zero,bottom_to_zero,-0.01319759485987523,0.1893939393939394,0.05411255411255411,0.46645021645021645,0.07251082251082251
307,2024-10-03,2024-10-03 06:50:00+00:00,2024-10-03 06:51:00+00:00,top_to_zero,top_to_zero,0.025767771156876916,0.8637837837837837,-0.012972972972973063,0.9675324675324676,0.5210810810810811
308,2024-10-04,2024-10-04 08:43:00+00:00,2024-10-04 08:44:00+00:00,bottom_to_zero,bottom_to_zero,-0.05643672562428551,0.1101511879049676,0.05183585313174945,0.09935205183585313,0.0021598272138228943
309,2024-10-07,2024-10-07 07:53:00+00:00,2024-10-07 07:54:00+00:00,bottom_to_zero,bottom_to_zero,-0.030754674725276286,0.12189859762675297,0.017259978425026967,0.3531390134529148,0.007551240560949299
310,2024-10-09,2024-10-09 05:48:00+00:00,2024-10-09 05:49:00+00:00,bottom_to_zero,bottom_to_zero,-0.0259672794669703,0.16056034482758622,0.04418103448275863,0.20559741657696448,0.0334051724137931
311,2024-10-10,2024-10-10 05:37:00+00:00,2024-10-10 05:38:00+00:00,bottom_to_zero,bottom_to_zero,-0.0292573075992429,0.20344456404736275,0.08719052744886975,0.4956989247311828,0.08180839612486544
312,2024-10-18,2024-10-18 06:31:00+00:00,2024-10-18 06:32:00+00:00,bottom_to_zero,bottom_to_zero,-0.023229663554715157,0.13782051282051283,0.00747863247863248,0.13354700854700854,0.03636363636363636
313,2024-10-21,2024-10-21 05:46:00+00:00,2024-10-21 05:47:00+00:00,bottom_to_zero,bottom_to_zero,-0.0426830789406069,0.12179487179487179,0.030982905982905984,0.10363247863247864,0.021367521367521368
314,2024-10-22,2024-10-22 08:18:00+00:00,2024-10-22 08:19:00+00:00,bottom_to_zero,bottom_to_zero,-0.04312010286732724,0.11940298507462686,0.007462686567164173,0.14925373134328357,0.01814300960512273
315,2024-10-23,2024-10-23 06:33:00+00:00,2024-10-23 06:34:00+00:00,bottom_to_zero,bottom_to_zero,-0.017050818881034754,0.17252396166134185,0.053248136315228956,0.1279317697228145,0.060767590618336885
316,2024-10-25,2024-10-25 08:03:00+00:00,2024-10-25 08:04:00+00:00,bottom_to_zero,bottom_to_zero,-0.02850911402779507,0.1487778958554729,0.022316684378320933,0.25851063829787235,0.04569606801275239
317,2024-10-28,2024-10-28 06:28:00+00:00,2024-10-28 06:29:00+00:00,bottom_to_zero,bottom_to_zero,-0.020505711156872417,0.1454352441613588,0.005307855626326963,0.14437367303609341,0.044633368756641874
318,2024-10-29,2024-10-29 07:44:00+00:00,2024-10-29 07:45:00+00:00,bottom_to_zero,bottom_to_zero,-0.015613061306411425,0.176033934252386,0.00848356309650053,0.1728525980911983,0.07529162248144221
319,2024-10-30,2024-10-30 08:48:00+00:00,2024-10-30 08:49:00+00:00,bottom_to_zero,bottom_to_zero,-0.028956829222368717,0.21716101694915255,0.027542372881355942,0.5376458112407211,0.09004237288135593
320,2024-11-04,2024-11-04 06:59:00+00:00,2024-11-04 07:00:00+00:00,bottom_to_zero,bottom_to_zero,-0.009241976792834047,0.18816067653276955,0.07293868921775898,0.43703703703703706,0.0613107822410148
321,2024-11-05,2024-11-05 08:58:00+00:00,2024-11-05 08:59:00+00:00,bottom_to_zero,bottom_to_zero,-0.028727693542597438,0.191129883843717,0.1108764519535375,0.880675818373812,0.05174234424498416
322,2024-11-06,2024-11-06 06:16:00+00:00,2024-11-06 06:17:00+00:00,bottom_to_zero,bottom_to_zero,-0.020211037145543058,0.17405063291139242,0.03586497890295359,0.34107708553326294,0.07383966244725738
323,2024-11-08,2024-11-08 05:17:00+00:00,2024-11-08 05:18:00+00:00,bottom_to_zero,bottom_to_zero,-0.06497815610583359,0.12539515279241306,0.09272918861959958,0.03582718651211802,0.018947368421052633
324,2024-11-11,2024-11-11 05:59:00+00:00,2024-11-11 06:00:00+00:00,bottom_to_zero,bottom_to_zero,-0.01916169629875634,0.20189274447949526,0.07136642869002158,0.14947368421052631,0.07368421052631578
325,2024-11-12,2024-11-12 05:34:00+00:00,2024-11-12 05:35:00+00:00,bottom_to_zero,bottom_to_zero,-0.043281097292173956,0.1587802313354364,0.07886435331230285,0.13304252998909488,0.046267087276550996
326,2024-11-13,2024-11-13 05:57:00+00:00,2024-11-13 05:58:00+00:00,bottom_to_zero,bottom_to_zero,-0.028310104752790964,0.12696747114375656,0.05869016021938682,0.0703781512605042,0.02415966386554622
327,2024-11-14,2024-11-14 05:14:00+00:00,2024-11-14 05:15:00+00:00,bottom_to_zero,bottom_to_zero,-0.06514275195511518,0.15005246589716684,0.1248688352570829,0.08499475341028331,0.025183630640083946
328,2024-11-18,2024-11-18 06:27:00+00:00,2024-11-18 06:28:00+00:00,bottom_to_zero,bottom_to_zero,-0.015720494216100847,0.18219895287958116,0.01151832460732985,0.17486910994764399,0.08176100628930817
329,2024-11-21,2024-11-21 05:37:00+00:00,2024-11-21 05:38:00+00:00,bottom_to_zero,bottom_to_zero,-0.03315095454122366,0.13912133891213388,0.06694560669456066,0.1087866108786611,0.02301255230125523
330,2024-11-22,2024-11-22 07:37:00+00:00,2024-11-22 07:38:00+00:00,bottom_to_zero,bottom_to_zero,-0.024418893276378594,0.11169102296450939,0.03757828810020876,0.09081419624217119,0.01044932079414838
331,2024-11-25,2024-11-25 08:33:00+00:00,2024-11-25 08:34:00+00:00,bottom_to_zero,bottom_to_zero,-0.03283134934824307,0.15224191866527634,0.06569343065693431,0.7713987473903967,0.04171011470281543
332,2024-11-27,2024-11-27 07:47:00+00:00,2024-11-27 07:48:00+00:00,bottom_to_zero,bottom_to_zero,-0.019056168094917954,0.18522372528616024,0.020811654526534856,0.7520833333333333,0.06971904266389178
333,2024-11-28,2024-11-28 08:44:00+00:00,2024-11-28 08:45:00+00:00,bottom_to_zero,bottom_to_zero,-0.007505928252306615,0.998960498960499,0.0020790020790021346,0.998960498960499,0.032224532224532226
334,2024-11-29,2024-11-29 06:37:00+00:00,2024-11-29 06:38:00+00:00,bottom_to_zero,bottom_to_zero,-0.016420897843881784,0.11734164070612668,0.009345794392523366,0.11007268951194185,0.016632016632016633
335,2024-12-02,2024-12-02 05:47:00+00:00,2024-12-02 05:48:00+00:00,bottom_to_zero,bottom_to_zero,-0.027592689214318192,0.1952232606438214,0.122533748701973,0.18983402489626555,0.07165109034267912
336,2024-12-04,2024-12-04 05:10:00+00:00,2024-12-04 05:11:00+00:00,top_to_zero,top_to_zero,0.002920754675409254,0.8196891191709844,-0.02901554404145079,0.9265010351966874,0.8310880829015544
337,2024-12-05,2024-12-05 09:17:00+00:00,2024-12-05 09:18:00+00:00,top_to_zero,top_to_zero,0.005332829126471289,0.8200620475698035,-0.17580144777662876,1.0,0.8872802481902792
338,2024-12-06,2024-12-06 05:54:00+00:00,2024-12-06 05:55:00+00:00,bottom_to_zero,bottom_to_zero,-0.03153207623914671,0.14270941054808686,0.09100310237849017,0.17665289256198347,0.01964839710444674
339,2024-12-10,2024-12-10 07:47:00+00:00,2024-12-10 07:48:00+00:00,bottom_to_zero,bottom_to_zero,-0.0027109335247200612,0.32268041237113404,0.22061855670103095,0.8214654282765738,0.09381443298969072
340,2024-12-12,2024-12-12 05:11:00+00:00,2024-12-12 05:12:00+00:00,top_to_zero,top_to_zero,0.0004873552076616501,0.7734294541709578,-0.008238928939237944,0.9263607257203842,0.7734294541709578
341,2024-12-13,2024-12-13 08:54:00+00:00,2024-12-13 08:55:00+00:00,bottom_to_zero,bottom_to_zero,-0.05498380321975011,0.11510791366906475,0.029804727646454268,0.27825159914712155,0.0020554984583761563
342,2024-12-17,2024-12-17 08:06:00+00:00,2024-12-17 08:07:00+00:00,bottom_to_zero,bottom_to_zero,-0.024371898190873313,0.15794871794871795,0.04000000000000001,0.7733333333333333,0.0441025641025641
343,2024-12-18,2024-12-18 06:20:00+00:00,2024-12-18 06:21:00+00:00,bottom_to_zero,bottom_to_zero,-0.018663421616028932,0.18135245901639344,0.03381147540983606,0.1671794871794872,0.07692307692307693
344,2024-12-20,2024-12-20 06:56:00+00:00,2024-12-20 06:57:00+00:00,bottom_to_zero,bottom_to_zero,-0.030029475751917365,0.11247443762781185,0.02351738241308793,0.10122699386503067,0.0020470829068577278
345,2024-12-23,2024-12-23 08:34:00+00:00,2024-12-23 08:35:00+00:00,bottom_to_zero,bottom_to_zero,-0.029696423611601193,0.19918283963227784,0.10929519918283964,0.1481103166496425,0.049029622063329927
346,2024-12-26,2024-12-26 09:07:00+00:00,2024-12-26 09:08:00+00:00,bottom_to_zero,bottom_to_zero,-0.025103378875871944,0.2018348623853211,0.13659531090723753,0.7920489296636085,0.04383282364933741
347,2024-12-30,2024-12-30 08:04:00+00:00,2024-12-30 08:05:00+00:00,bottom_to_zero,bottom_to_zero,-0.02562723344610027,0.13835198372329605,0.09155645981688709,0.3890020366598778,0.027466937945066123
348,2024-12-31,2024-12-31 06:00:00+00:00,2024-12-31 06:01:00+00:00,bottom_to_zero,bottom_to_zero,-0.022189799746261535,0.19613821138211382,0.04557869968323283,0.29065040650406504,0.08646998982706001
349,2025-01-02,2025-01-02 07:37:00+00:00,2025-01-02 07:38:00+00:00,top_to_zero,top_to_zero,0.02876943705862231,0.8955375253549696,-0.06795131845841784,0.9989858012170385,0.9066937119675457
350,2025-01-03,2025-01-03 07:41:00+00:00,2025-01-03 07:42:00+00:00,bottom_to_zero,bottom_to_zero,-0.02081328275439965,0.1691995947315096,0.029381965552178313,0.27760891590678827,0.06788247213779129
351,2025-01-06,2025-01-06 05:32:00+00:00,2025-01-06 05:33:00+00:00,bottom_to_zero,bottom_to_zero,-0.05064890468422294,0.14184397163120568,0.10638297872340427,0.044579533941236066,0.017223910840932118
352,2025-01-07,2025-01-07 05:46:00+00:00,2025-01-07 05:47:00+00:00,bottom_to_zero,bottom_to_zero,-0.0286825795823744,0.19736842105263158,0.14979757085020243,0.06572295247724974,0.020242914979757085
353,2025-01-08,2025-01-08 06:53:00+00:00,2025-01-08 06:54:00+00:00,bottom_to_zero,bottom_to_zero,-0.015104520060166961,0.19292929292929292,0.05757575757575756,0.20707070707070707,0.08796764408493428
354,2025-01-10,2025-01-10 08:07:00+00:00,2025-01-10 08:08:00+00:00,bottom_to_zero,bottom_to_zero,-0.037215369362516564,0.12600806451612903,0.017137096774193547,0.14213709677419356,0.020161290322580645
355,2025-01-13,2025-01-13 07:17:00+00:00,2025-01-13 07:18:00+00:00,bottom_to_zero,bottom_to_zero,-0.024300999084567974,0.1500503524672709,0.013091641490433015,0.14803625377643503,0.04939516129032258
356,2025-01-17,2025-01-17 06:21:00+00:00,2025-01-17 06:22:00+00:00,bottom_to_zero,bottom_to_zero,-0.003585638450923242,0.2688064192577733,0.1815446339017051,0.35642570281124497,0.06318956870611836
357,2025-01-21,2025-01-21 06:01:00+00:00,2025-01-21 06:02:00+00:00,bottom_to_zero,bottom_to_zero,-0.024435065371379426,0.13913913913913914,0.06398883853793673,0.2032032032032032,0.03707414829659319
358,2025-01-22,2025-01-22 09:42:00+00:00,2025-01-22 09:43:00+00:00,bottom_to_zero,bottom_to_zero,-0.054394777066882366,0.238,0.118,0.377,0.067
359,2025-01-24,2025-01-24 06:10:00+00:00,2025-01-24 06:11:00+00:00,bottom_to_zero,bottom_to_zero,-0.02061491943515169,0.19760479041916168,0.06986027944111778,0.3263473053892216,0.060939060939060936
360,2025-01-27,2025-01-27 07:45:00+00:00,2025-01-27 07:46:00+00:00,bottom_to_zero,bottom_to_zero,-0.013898342511110488,0.23230309072781655,0.14755732801595214,0.5234297108673978,0.053838484546360914
361,2025-01-28,2025-01-28 06:34:00+00:00,2025-01-28 06:35:00+00:00,bottom_to_zero,bottom_to_zero,-0.019735419008546445,0.17231075697211157,0.1155378486055777,0.7898406374501992,0.05677290836653386
362,2025-01-29,2025-01-29 07:16:00+00:00,2025-01-29 07:17:00+00:00,top_to_zero,top_to_zero,0.017771642686013125,0.826865671641791,-0.10547263681592045,0.9412350597609562,0.022885572139303482
363,2025-01-30,2025-01-30 09:28:00+00:00,2025-01-30 09:29:00+00:00,top_to_zero,top_to_zero,0.0015582339982798815,0.8101391650099403,-0.17594433399602394,0.9990059642147118,0.9105367793240556
364,2025-01-31,2025-01-31 08:54:00+00:00,2025-01-31 08:55:00+00:00,top_to_zero,top_to_zero,0.007428129534793479,0.8003972194637538,-0.04071499503475673,0.9026812313803376,0.5928500496524329
365,2025-02-01,2025-02-01 08:55:00+00:00,2025-02-01 08:56:00+00:00,bottom_to_zero,bottom_to_zero,-0.059848855480836544,0.10218253968253968,0.030753968253968256,0.8381330685203575,0.000992063492063492
366,2025-02-04,2025-02-04 06:15:00+00:00,2025-02-04 06:16:00+00:00,bottom_to_zero,bottom_to_zero,-0.016769582708322663,0.2207920792079208,0.11782178217821783,0.7938553022794846,0.09801980198019802
367,2025-02-05,2025-02-05 09:59:00+00:00,2025-02-05 10:00:00+00:00,top_to_zero,top_to_zero,0.000959072823175245,0.8041543026706232,-0.05044510385756673,0.9307616221562809,0.26904055390702275
368,2025-02-07,2025-02-07 05:59:00+00:00,2025-02-07 06:00:00+00:00,bottom_to_zero,bottom_to_zero,-0.025348045152111805,0.1194471865745311,0.03644323400536113,0.11549851924975321,0.007905138339920948
369,2025-02-11,2025-02-11 09:11:00+00:00,2025-02-11 09:12:00+00:00,bottom_to_zero,bottom_to_zero,-0.05138702612529407,0.13694581280788176,0.028571428571428553,0.8195266272189349,0.026600985221674877
370,2025-02-12,2025-02-12 09:21:00+00:00,2025-02-12 09:22:00+00:00,bottom_to_zero,bottom_to_zero,-0.07410222891717139,0.10826771653543307,0.024606299212598423,0.17421259842519685,0.007874015748031496
371,2025-02-13,2025-02-13 08:29:00+00:00,2025-02-13 08:30:00+00:00,top_to_zero,top_to_zero,0.01681579520546679,0.8544739429695182,-0.07374631268436582,0.9567354965585054,0.20275590551181102
372,2025-02-14,2025-02-14 08:22:00+00:00,2025-02-14 08:23:00+00:00,bottom_to_zero,bottom_to_zero,-0.04113850279400125,0.12671905697445973,0.014734774066797643,0.16125860373647985,0.0206286836935167
373,2025-02-17,2025-02-17 07:08:00+00:00,2025-02-17 07:09:00+00:00,bottom_to_zero,bottom_to_zero,-0.026520530689099688,0.12266928361138371,0.017767322827069984,0.11187438665358194,0.021611001964636542
374,2025-02-19,2025-02-19 06:27:00+00:00,2025-02-19 06:28:00+00:00,bottom_to_zero,bottom_to_zero,-0.013729473218289844,0.22428991185112634,0.12144955925563174,0.24289911851126347,0.08235294117647059
375,2025-02-28,2025-02-28 08:33:00+00:00,2025-02-28 08:34:00+00:00,bottom_to_zero,bottom_to_zero,-0.03198850077782135,0.18403115871470302,0.04284323271665044,0.3008763388510224,0.08373904576436222
376,2025-03-03,2025-03-03 06:14:00+00:00,2025-03-03 06:15:00+00:00,bottom_to_zero,bottom_to_zero,-0.02407526648767957,0.16828793774319067,0.033073929961089515,0.18792599805258034,0.06329113924050633
377,2025-03-06,2025-03-06 05:50:00+00:00,2025-03-06 05:51:00+00:00,bottom_to_zero,bottom_to_zero,-0.027363726229393218,0.17572815533980582,0.009708737864077666,0.17281553398058253,0.07378640776699029
378,2025-03-07,2025-03-07 07:37:00+00:00,2025-03-07 07:38:00+00:00,bottom_to_zero,bottom_to_zero,-0.02062399308063176,0.17926356589147288,0.06879844961240311,0.2541222114451988,0.07655038759689922
379,2025-03-20,2025-03-20 08:04:00+00:00,2025-03-20 08:05:00+00:00,top_to_zero,top_to_zero,0.015704160085187747,0.8298076923076924,-0.04230769230769227,0.9336538461538462,0.2945139557266602
380,2025-03-25,2025-03-25 07:29:00+00:00,2025-03-25 07:30:00+00:00,bottom_to_zero,bottom_to_zero,-0.03130132073945739,0.1112176414189837,0.012464046021092995,0.15052732502396932,0.009596928982725527
381,2025-04-01,2025-04-01 07:47:00+00:00,2025-04-01 07:48:00+00:00,bottom_to_zero,bottom_to_zero,-0.033785689445198636,0.12607449856733524,0.044890162368672396,0.08404966571155682,0.009560229445506692
382,2025-04-02,2025-04-02 05:28:00+00:00,2025-04-02 05:29:00+00:00,bottom_to_zero,bottom_to_zero,-0.04150872649747439,0.20248328557784145,0.06876790830945559,0.1489971346704871,0.07927411652340019
383,2025-04-04,2025-04-04 06:58:00+00:00,2025-04-04 06:59:00+00:00,bottom_to_zero,bottom_to_zero,-0.023603860583008104,0.1361904761904762,0.03619047619047619,0.13333333333333333,0.03619047619047619
384,2025-04-07,2025-04-07 05:46:00+00:00,2025-04-07 05:47:00+00:00,bottom_to_zero,bottom_to_zero,-0.052590689795420364,0.1019047619047619,0.04571428571428571,0.09047619047619047,0.0009514747859181732
385,2025-04-08,2025-04-08 08:04:00+00:00,2025-04-08 08:05:00+00:00,bottom_to_zero,bottom_to_zero,-0.02177568375445832,0.21102661596958175,0.14448669201520914,0.31779257849666986,0.0038022813688212928
386,2025-04-09,2025-04-09 05:41:00+00:00,2025-04-09 05:42:00+00:00,bottom_to_zero,bottom_to_zero,-0.0379882603460944,0.12357414448669202,0.06653992395437262,0.11692015209125475,0.019961977186311788
387,2025-04-11,2025-04-11 06:44:00+00:00,2025-04-11 06:45:00+00:00,bottom_to_zero,bottom_to_zero,-0.015564374005403381,0.21157495256166983,0.07685009487666034,0.25546058879392214,0.05502846299810247
388,2025-04-17,2025-04-17 07:33:00+00:00,2025-04-17 07:34:00+00:00,bottom_to_zero,bottom_to_zero,-0.017381051275331606,0.15137180700094607,0.035004730368968784,0.9990539262062441,0.04068117313150426
389,2025-04-23,2025-04-23 07:15:00+00:00,2025-04-23 07:16:00+00:00,bottom_to_zero,bottom_to_zero,-0.016022518903998462,0.18584905660377357,0.031132075471698106,0.25754716981132075,0.06509433962264151
390,2025-04-25,2025-04-25 08:12:00+00:00,2025-04-25 08:13:00+00:00,bottom_to_zero,bottom_to_zero,-0.04408212087603567,0.10546139359698682,0.025423728813559324,0.10263653483992467,0.00471253534401508
391,2025-04-28,2025-04-28 05:29:00+00:00,2025-04-28 05:30:00+00:00,bottom_to_zero,bottom_to_zero,-0.047362118960378674,0.17419962335216574,0.03483992467043315,0.1638418079096045,0.0658513640639699
392,2025-04-29,2025-04-29 05:27:00+00:00,2025-04-29 05:28:00+00:00,bottom_to_zero,bottom_to_zero,-0.049635057654100895,0.16933207902163688,0.05456255879586078,0.12323612417685795,0.04421448730009407
393,2025-05-02,2025-05-02 08:20:00+00:00,2025-05-02 08:21:00+00:00,bottom_to_zero,bottom_to_zero,-0.03783897607923607,0.1397748592870544,0.01782363977485929,0.26103286384976526,0.03189493433395872
394,2025-05-07,2025-05-07 05:56:00+00:00,2025-05-07 05:57:00+00:00,bottom_to_zero,bottom_to_zero,-0.02971092632884308,0.17399438727782976,0.09066105394449643,0.19550982226379796,0.07209737827715355
395,2025-05-08,2025-05-08 09:48:00+00:00,2025-05-08 09:49:00+00:00,top_to_zero,top_to_zero,0.011751292344994509,0.2672897196261682,-0.04579439252336448,0.9794392523364486,0.2672897196261682
396,2025-05-09,2025-05-09 05:50:00+00:00,2025-05-09 05:51:00+00:00,bottom_to_zero,bottom_to_zero,-0.024414639195411696,0.18504672897196262,0.03831775700934578,0.17009345794392525,0.07196261682242991
397,2025-05-12,2025-05-12 09:59:00+00:00,2025-05-12 10:00:00+00:00,top_to_zero,top_to_zero,0.002149309338856306,0.8208955223880597,-0.042910447761194015,0.957089552238806,0.2583955223880597
398,2025-05-13,2025-05-13 08:05:00+00:00,2025-05-13 08:06:00+00:00,bottom_to_zero,bottom_to_zero,-0.03372676891631871,0.13793103448275862,0.06710158434296365,0.08294501397949673,0.009328358208955223
399,2025-05-14,2025-05-14 08:23:00+00:00,2025-05-14 08:24:00+00:00,bottom_to_zero,bottom_to_zero,-0.026827734184856435,0.19832402234636873,0.10242085661080076,0.8490214352283317,0.09590316573556797
400,2025-05-15,2025-05-15 06:57:00+00:00,2025-05-15 06:58:00+00:00,top_to_zero,top_to_zero,0.010757277044562752,0.8753488372093023,-0.09674418604651158,0.9944186046511628,0.008379888268156424
401,2025-05-21,2025-05-21 07:58:00+00:00,2025-05-21 07:59:00+00:00,bottom_to_zero,bottom_to_zero,-0.018685702367305393,0.211306765523633,0.07877664504170528,0.6261595547309833,0.03985171455050973
402,2025-05-22,2025-05-22 09:19:00+00:00,2025-05-22 09:20:00+00:00,top_to_zero,top_to_zero,0.010627951263212837,0.14907407407407408,-0.825925925925926,0.975,0.14907407407407408
403,2025-05-23,2025-05-23 07:22:00+00:00,2025-05-23 07:23:00+00:00,bottom_to_zero,bottom_to_zero,-0.014176580895289125,0.2062904717853839,0.1036077705827937,0.287962962962963,0.08880666049953746
404,2025-05-26,2025-05-26 06:24:00+00:00,2025-05-26 06:25:00+00:00,top_to_zero,top_to_zero,0.009553949411079933,0.6922365988909427,-0.001848428835489857,0.911275415896488,0.11100832562442182
405,2025-05-27,2025-05-27 08:00:00+00:00,2025-05-27 08:01:00+00:00,bottom_to_zero,bottom_to_zero,-0.018696404208765477,0.16066481994459833,0.08033240997229917,0.83271719038817,0.002770083102493075
406,2025-05-29,2025-05-29 05:31:00+00:00,2025-05-29 05:32:00+00:00,top_to_zero,top_to_zero,0.007089358249843837,0.8201107011070111,-0.04889298892988925,0.9298892988929889,0.3741935483870968
407,2025-05-30,2025-05-30 09:59:00+00:00,2025-05-30 10:00:00+00:00,top_to_zero,top_to_zero,0.0007607723421884996,0.8333333333333334,-0.058011049723756924,0.9383057090239411,0.35576036866359445
408,2025-06-02,2025-06-02 07:31:00+00:00,2025-06-02 07:32:00+00:00,top_to_zero,top_to_zero,0.01415755963605067,0.8104875804967802,-0.06899724011039554,0.9245630174793008,0.44434222631094755
409,2025-06-03,2025-06-03 08:23:00+00:00,2025-06-03 08:24:00+00:00,bottom_to_zero,bottom_to_zero,-0.023942918345429755,0.18658088235294118,0.14338235294117646,0.9200367647058824,0.03400735294117647
410,2025-06-05,2025-06-05 06:18:00+00:00,2025-06-05 06:19:00+00:00,top_to_zero,top_to_zero,0.019100360316731905,0.8321100917431192,-0.04495412844036706,0.9376146788990826,0.7137614678899082
411,2025-06-06,2025-06-06 05:43:00+00:00,2025-06-06 05:44:00+00:00,bottom_to_zero,bottom_to_zero,-0.049390373457917414,0.13761467889908258,0.05504587155963303,0.0853211009174312,0.009174311926605505
412,2025-06-12,2025-06-12 08:33:00+00:00,2025-06-12 08:34:00+00:00,top_to_zero,top_to_zero,0.007822074080341572,0.8465753424657534,-0.05753424657534245,0.9534246575342465,0.47989031078610606
413,2025-06-24,2025-06-24 09:27:00+00:00,2025-06-24 09:28:00+00:00,bottom_to_zero,bottom_to_zero,-0.07083213685840553,0.11423390752493201,0.022665457842248424,0.443336355394379,0.005439709882139619
414,2025-06-26,2025-06-26 05:33:00+00:00,2025-06-26 05:34:00+00:00,top_to_zero,top_to_zero,0.003951951723216815,0.842391304347826,-0.06612318840579712,0.9791666666666666,0.9003623188405797
415,2025-07-03,2025-07-03 08:20:00+00:00,2025-07-03 08:21:00+00:00,top_to_zero,top_to_zero,0.01598695227759156,0.8756756756756757,-0.10090090090090087,0.9774774774774775,0.14504504504504503
416,2025-07-10,2025-07-10 06:52:00+00:00,2025-07-10 06:53:00+00:00,top_to_zero,top_to_zero,0.019613467371022687,0.8331838565022421,-0.013452914798206317,0.9354260089686098,0.8376681614349776
417,2025-07-11,2025-07-11 06:44:00+00:00,2025-07-11 06:45:00+00:00,bottom_to_zero,bottom_to_zero,-0.0020213151398359146,0.2482078853046595,0.15232974910394265,0.7078853046594982,0.0913978494623656
418,2025-07-17,2025-07-17 05:37:00+00:00,2025-07-17 05:38:00+00:00,top_to_zero,top_to_zero,0.011194204380328985,0.8346738159070599,-0.020554066130473614,0.9348214285714286,0.839142091152815
419,2025-07-24,2025-07-24 05:14:00+00:00,2025-07-24 05:15:00+00:00,top_to_zero,top_to_zero,0.0023871304213147187,0.8149466192170819,-0.036476868327402046,0.9182222222222223,0.8211743772241993
420,2025-07-30,2025-07-30 06:50:00+00:00,2025-07-30 06:51:00+00:00,bottom_to_zero,bottom_to_zero,-0.016763520174745635,0.1966341895482728,0.04428697962798936,0.49601417183348095,0.09565987599645705
421,2025-07-31,2025-07-31 08:31:00+00:00,2025-07-31 08:32:00+00:00,top_to_zero,top_to_zero,0.009878721432315107,0.8336283185840708,-0.09469026548672566,0.9371681415929204,0.5766164747564216
422,2025-08-01,2025-08-01 06:50:00+00:00,2025-08-01 06:51:00+00:00,bottom_to_zero,bottom_to_zero,-0.011531251832507786,0.21927497789566755,0.143236074270557,0.3672566371681416,0.0618921308576481
423,2025-08-14,2025-08-14 09:13:00+00:00,2025-08-14 09:14:00+00:00,top_to_zero,top_to_zero,0.004856984614483584,0.8008771929824562,-0.07982456140350869,0.9377192982456141,0.6868421052631579
424,2025-09-02,2025-09-02 09:57:00+00:00,2025-09-02 09:58:00+00:00,bottom_to_zero,bottom_to_zero,-0.04743175283405052,0.18679409209383144,0.07037358818418765,0.8936936936936937,0.07471763683753258
425,2025-09-05,2025-09-05 06:00:00+00:00,2025-09-05 06:01:00+00:00,bottom_to_zero,bottom_to_zero,-0.025755806860095473,0.1854419410745234,0.07009068348562486,0.31369150779896016,0.06331309627059845
426,2025-09-09,2025-09-09 07:01:00+00:00,2025-09-09 07:02:00+00:00,top_to_zero,top_to_zero,0.01894011352661435,0.8324697754749568,-0.039502542864143564,0.935064935064935,0.8373702422145328
427,2025-09-16,2025-09-16 05:53:00+00:00,2025-09-16 05:54:00+00:00,top_to_zero,top_to_zero,0.017083962874052255,0.8586206896551725,-0.012931034482758563,0.958656330749354,0.8603448275862069
428,2025-09-29,2025-09-29 08:39:00+00:00,2025-09-29 08:40:00+00:00,bottom_to_zero,bottom_to_zero,-0.028163226893492994,0.1683760683760684,0.05897435897435899,0.7236954662104362,0.06153846153846154
429,2025-09-30,2025-09-30 05:54:00+00:00,2025-09-30 05:55:00+00:00,top_to_zero,top_to_zero,0.011268179586231962,0.8094017094017094,-0.0675213675213675,0.9094017094017094,0.7950469684030743
430,2025-10-08,2025-10-08 09:40:00+00:00,2025-10-08 09:41:00+00:00,bottom_to_zero,bottom_to_zero,-0.04847955411322454,0.2508503401360544,0.10459183673469385,0.5595238095238095,0.09098639455782313
431,2025-10-14,2025-10-14 05:09:00+00:00,2025-10-14 05:10:00+00:00,top_to_zero,top_to_zero,0.0007416690793321731,0.712468193384224,-0.05343511450381677,0.938135593220339,0.7031382527565734
432,2025-10-17,2025-10-17 08:41:00+00:00,2025-10-17 08:42:00+00:00,bottom_to_zero,bottom_to_zero,-0.03782221482268944,0.16314454775993237,0.018596787827557054,0.5029585798816568,0.0566356720202874
433,2025-10-20,2025-10-20 08:16:00+00:00,2025-10-20 08:17:00+00:00,top_to_zero,top_to_zero,0.01112078875089521,0.8023648648648649,-0.006756756756756688,0.9028716216216216,0.35388513513513514
434,2025-10-24,2025-10-24 07:08:00+00:00,2025-10-24 07:09:00+00:00,bottom_to_zero,bottom_to_zero,-0.014273503307806978,0.20741989881956155,0.043140202105155484,0.4148397976391231,0.09527824620573355
435,2025-10-28,2025-10-28 06:50:00+00:00,2025-10-28 06:51:00+00:00,top_to_zero,top_to_zero,0.013369789142772766,0.7845117845117845,-0.043771043771043794,0.9081718618365627,0.6910774410774411
436,2025-11-04,2025-11-04 06:00:00+00:00,2025-11-04 06:01:00+00:00,top_to_zero,top_to_zero,0.012990630908961971,0.8172673931265717,-0.04347086190698535,0.9194630872483222,0.8130762782900252
437,2025-11-18,2025-11-18 06:13:00+00:00,2025-11-18 06:14:00+00:00,top_to_zero,top_to_zero,0.022268334824810422,0.8718801996672213,-0.009151414309484185,0.9750415973377704,0.8768718801996672
438,2025-11-25,2025-11-25 05:52:00+00:00,2025-11-25 05:53:00+00:00,top_to_zero,top_to_zero,0.015707025210604075,0.8482587064676617,-0.007462686567164201,0.9494614747307374,0.8532338308457711
439,2025-12-02,2025-12-02 06:13:00+00:00,2025-12-02 06:14:00+00:00,top_to_zero,top_to_zero,0.017180677668600965,0.8325082508250825,-0.010726072607260773,0.9331683168316832,0.8382838283828383
440,2025-12-05,2025-12-05 06:02:00+00:00,2025-12-05 06:03:00+00:00,bottom_to_zero,bottom_to_zero,-0.017931472865953146,0.1794238683127572,0.05596707818930041,0.302880658436214,0.07907742998352553
441,2025-12-16,2025-12-16 05:19:00+00:00,2025-12-16 05:20:00+00:00,top_to_zero,top_to_zero,0.005219952726376521,0.8181818181818182,-0.02457002457002455,0.9230769230769231,0.8230958230958231
442,2026-01-09,2026-01-09 05:24:00+00:00,2026-01-09 05:25:00+00:00,bottom_to_zero,bottom_to_zero,-0.03845059624193153,0.19789983844911146,0.04361873990306947,0.1890145395799677,0.09612277867528271
443,2026-01-12,2026-01-12 08:14:00+00:00,2026-01-12 08:15:00+00:00,bottom_to_zero,bottom_to_zero,-0.03389119441585098,0.13629032258064516,0.04193548387096774,0.38629032258064516,0.01532258064516129
444,2026-01-14,2026-01-14 07:28:00+00:00,2026-01-14 07:29:00+00:00,bottom_to_zero,bottom_to_zero,-0.014251245505239197,0.19887278582930756,0.021739130434782594,0.26672038678485094,0.09420289855072464
445,2026-01-21,2026-01-21 05:09:00+00:00,2026-01-21 05:10:00+00:00,bottom_to_zero,bottom_to_zero,-0.0665316119083233,0.1646586345381526,0.009638554216867462,0.163855421686747,0.06420545746388442
446,2026-01-22,2026-01-22 08:50:00+00:00,2026-01-22 08:51:00+00:00,bottom_to_zero,bottom_to_zero,-0.04647890943732655,0.13071371291098638,0.025661587810745803,0.3279871692060946,0.0272654370489174
447,2026-01-27,2026-01-27 05:15:00+00:00,2026-01-27 05:16:00+00:00,bottom_to_zero,bottom_to_zero,-0.034926788754151714,0.27163461538461536,0.1394230769230769,0.13221153846153846,0.051240992794235385
448,2026-01-29,2026-01-29 06:14:00+00:00,2026-01-29 06:15:00+00:00,bottom_to_zero,bottom_to_zero,-0.018820562619218023,0.20463629096722621,0.08073541167066346,0.2182254196642686,0.0848
449,2026-02-01,2026-02-01 05:52:00+00:00,2026-02-01 05:53:00+00:00,top_to_zero,top_to_zero,0.007297369691618594,0.854632587859425,-0.04153354632587858,0.9696485623003195,0.8865814696485623
450,2026-02-02,2026-02-02 05:30:00+00:00,2026-02-02 05:31:00+00:00,bottom_to_zero,bottom_to_zero,-0.04800191888510028,0.15802075019952114,0.06544293695131682,0.09257781324820431,0.041500399042298484
451,2026-02-06,2026-02-06 08:18:00+00:00,2026-02-06 08:19:00+00:00,bottom_to_zero,bottom_to_zero,-0.022972958520607472,0.20111287758346583,0.02702702702702703,0.37758346581875996,0.09538950715421304
452,2026-02-10,2026-02-10 06:08:00+00:00,2026-02-10 06:09:00+00:00,top_to_zero,top_to_zero,0.011867397314579016,0.8087301587301587,-0.011904761904761862,0.9119047619047619,0.8182539682539682
453,2026-02-17,2026-02-17 05:32:00+00:00,2026-02-17 05:33:00+00:00,top_to_zero,top_to_zero,0.006586870487634684,0.8125,-0.015822784810126556,0.9129746835443038,0.7130434782608696
454,2026-02-20,2026-02-20 08:43:00+00:00,2026-02-20 08:44:00+00:00,bottom_to_zero,bottom_to_zero,-0.02660437809674431,0.1971608832807571,0.024447949526813867,0.22634069400630916,0.0914826498422713
455,2026-02-24,2026-02-24 08:55:00+00:00,2026-02-24 08:56:00+00:00,top_to_zero,top_to_zero,0.007442523163562517,0.8125984251968504,-0.07244094488188968,0.9354330708661417,0.8613081166272656
456,2026-02-25,2026-02-25 08:19:00+00:00,2026-02-25 08:20:00+00:00,bottom_to_zero,bottom_to_zero,-0.02786336461549533,0.17859952793076317,0.02675059008654601,0.7380015735641228,0.07710464201416208
457,2026-02-26,2026-02-26 07:54:00+00:00,2026-02-26 07:55:00+00:00,bottom_to_zero,bottom_to_zero,-0.01891060472468354,0.1792452830188679,0.028301886792452824,0.45239968528717545,0.07468553459119497
458,2026-03-05,2026-03-05 07:28:00+00:00,2026-03-05 07:29:00+00:00,bottom_to_zero,bottom_to_zero,-0.009345421910627642,0.23510971786833856,0.12695924764890282,0.6489028213166145,0.09247648902821316
459,2026-03-09,2026-03-09 06:21:00+00:00,2026-03-09 06:22:00+00:00,top_to_zero,top_to_zero,0.01876055061207675,0.07981220657276995,-0.007042253521126765,0.9796397807361003,0.0782472613458529
460,2026-03-10,2026-03-10 07:08:00+00:00,2026-03-10 07:09:00+00:00,top_to_zero,top_to_zero,0.02165608608353109,0.8655199374511336,-0.04534792806880383,0.9663799843627834,0.4569640062597809
461,2026-03-12,2026-03-12 06:56:00+00:00,2026-03-12 06:57:00+00:00,bottom_to_zero,bottom_to_zero,-0.02312322587806743,0.13739266198282593,0.04683840749414521,0.45042935206869633,0.0109375
462,2026-03-16,2026-03-16 06:31:00+00:00,2026-03-16 06:32:00+00:00,bottom_to_zero,bottom_to_zero,-0.016322232614142215,0.16991426344505067,0.0896336710833983,0.17550702028081122,0.06786271450858035
463,2026-03-24,2026-03-24 06:56:00+00:00,2026-03-24 06:57:00+00:00,top_to_zero,top_to_zero,0.02211079517038514,0.8704422032583398,-0.05585725368502714,0.9759503491078355,0.2453416149068323
464,2026-03-27,2026-03-27 05:25:00+00:00,2026-03-27 05:26:00+00:00,top_to_zero,top_to_zero,0.0019103048679883772,0.8007751937984496,-0.029457364341085257,0.9077519379844962,0.7575522850503486
465,2026-03-30,2026-03-30 09:59:00+00:00,2026-03-30 10:00:00+00:00,top_to_zero,top_to_zero,0.6516869359294376,0.09442724458204334,-0.009287925696594437,0.9961330239752514,0.08746130030959752
466,2026-04-01,2026-04-01 05:25:00+00:00,2026-04-01 05:26:00+00:00,bottom_to_zero,bottom_to_zero,-0.028564270992771174,0.25,0.06578947368421054,0.19040247678018576,0.0913312693498452
467,2026-04-02,2026-04-02 06:30:00+00:00,2026-04-02 06:31:00+00:00,top_to_zero,top_to_zero,0.005095046623184829,0.767387944358578,-0.15146831530139104,0.9204018547140649,0.25212683681361175
468,2026-04-06,2026-04-06 05:13:00+00:00,2026-04-06 05:14:00+00:00,bottom_to_zero,bottom_to_zero,-0.03288784024718158,0.2789799072642968,0.16692426584234932,0.18146718146718147,0.0919629057187017
469,2026-04-08,2026-04-08 07:23:00+00:00,2026-04-08 07:24:00+00:00,bottom_to_zero,bottom_to_zero,-0.012094322649969659,0.16114109483423283,0.06553585196607555,0.2152777777777778,0.06090979182729375
470,2026-04-09,2026-04-09 06:10:00+00:00,2026-04-09 06:11:00+00:00,bottom_to_zero,bottom_to_zero,-0.02084209110567411,0.174884437596302,0.07704160246533129,0.17026194144838214,0.06939090208172706
471,2026-04-10,2026-04-10 09:47:00+00:00,2026-04-10 09:48:00+00:00,bottom_to_zero,bottom_to_zero,-0.04823139989696214,0.17551963048498845,0.08083140877598152,0.8013856812933026,0.07082371054657428
472,2026-04-13,2026-04-13 05:16:00+00:00,2026-04-13 05:17:00+00:00,top_to_zero,top_to_zero,0.0006445811663436107,0.852963818321786,-0.03926096997690531,0.9561200923787528,0.8614318706697459
473,2026-04-16,2026-04-16 08:16:00+00:00,2026-04-16 08:17:00+00:00,bottom_to_zero,bottom_to_zero,-0.019230504122611507,0.2012288786482335,0.06067588325652842,0.31975403535741737,0.065284178187404
474,2026-04-20,2026-04-20 08:00:00+00:00,2026-04-20 08:01:00+00:00,top_to_zero,top_to_zero,0.008773539835794493,0.8289877300613497,-0.026840490797546024,0.9317484662576687,0.2601688411358404
475,2026-04-21,2026-04-21 07:42:00+00:00,2026-04-21 07:43:00+00:00,top_to_zero,top_to_zero,0.01338674959387998,0.8168582375478928,-0.003831417624520994,0.9187739463601533,0.7016871165644172
476,2026-05-07,2026-05-07 08:32:00+00:00,2026-05-07 08:33:00+00:00,bottom_to_zero,bottom_to_zero,-0.04251549492477876,0.12613981762917933,0.03267477203647416,0.5596958174904944,0.019756838905775075
477,2026-05-12,2026-05-12 08:19:00+00:00,2026-05-12 08:20:00+00:00,top_to_zero,top_to_zero,0.012626150154566917,0.8324488248673237,-0.02653525398028811,0.9430955993930197,0.701062215477997
478,2026-05-13,2026-05-13 06:44:00+00:00,2026-05-13 06:45:00+00:00,bottom_to_zero,bottom_to_zero,-0.01795439205579258,0.16148597422289612,0.015163002274450332,0.14783927217589082,0.058333333333333334
479,2026-05-14,2026-05-14 08:19:00+00:00,2026-05-14 08:20:00+00:00,bottom_to_zero,bottom_to_zero,-0.034749878597938905,0.14155942467827404,0.049205147615442854,0.3143939393939394,0.026515151515151516
480,2026-05-21,2026-05-21 08:00:00+00:00,2026-05-21 08:01:00+00:00,bottom_to_zero,bottom_to_zero,-0.023226643426277227,0.17420814479638008,0.07692307692307691,0.46943396226415096,0.05886792452830188
481,2026-05-25,2026-05-25 07:36:00+00:00,2026-05-25 07:37:00+00:00,top_to_zero,top_to_zero,0.013492865019531623,0.8042168674698795,-0.013554216867469826,0.9080633006782216,0.8109939759036144
482,2026-05-26,2026-05-26 06:16:00+00:00,2026-05-26 06:17:00+00:00,top_to_zero,top_to_zero,0.01520145069207662,0.8261851015801355,-0.02106847253574118,0.927710843373494,0.836719337848006
483,2026-06-03,2026-06-03 09:21:00+00:00,2026-06-03 09:22:00+00:00,bottom_to_zero,bottom_to_zero,-0.05209907643829533,0.13943028485757122,0.07496251874062969,0.2250562640660165,0.02623688155922039
484,2026-06-04,2026-06-04 07:33:00+00:00,2026-06-04 07:34:00+00:00,bottom_to_zero,bottom_to_zero,-0.017461961100537254,0.16928838951310862,0.008118974220754804,0.239880059970015,0.06292134831460675
485,2026-06-05,2026-06-05 06:52:00+00:00,2026-06-05 06:53:00+00:00,bottom_to_zero,bottom_to_zero,-0.02301130890546035,0.14307116104868914,0.05917602996254681,0.2689138576779026,0.03295880149812734
486,2026-06-09,2026-06-09 06:15:00+00:00,2026-06-09 06:16:00+00:00,top_to_zero,top_to_zero,0.016460713581015494,0.8325859491778774,-0.08071748878923768,0.9469357249626308,0.8654708520179372
487,2026-06-15,2026-06-15 07:08:00+00:00,2026-06-15 07:09:00+00:00,top_to_zero,top_to_zero,0.016122306607189583,0.819537658463833,-0.01640566741237881,0.9202087994034303,0.8202833706189411
488,2026-06-16,2026-06-16 09:24:00+00:00,2026-06-16 09:25:00+00:00,top_to_zero,top_to_zero,0.0035645574371752538,0.7915115413253909,-0.07669396872673118,0.9195830230826508,0.6698956780923994
489,2026-06-23,2026-06-23 05:26:00+00:00,2026-06-23 05:27:00+00:00,top_to_zero,top_to_zero,0.008136316992125065,0.8396436525612472,-0.008908685968819663,0.9398663697104677,0.8426132145508537
490,2026-06-30,2026-06-30 05:33:00+00:00,2026-06-30 05:34:00+00:00,top_to_zero,top_to_zero,0.013062369503586184,0.8638045891931903,-0.01702442635085122,0.9652366863905325,0.8675055514433753
491,2026-07-07,2026-07-07 09:52:00+00:00,2026-07-07 09:53:00+00:00,top_to_zero,top_to_zero,0.022321188147358534,0.5062638172439204,-0.060427413411938025,0.9108327192336035,0.37582903463522477
492,2026-07-09,2026-07-09 06:28:00+00:00,2026-07-09 06:29:00+00:00,bottom_to_zero,bottom_to_zero,-0.029897443593525877,0.11487481590574374,0.04202713378653844,0.3335787923416789,0.012509197939661517
