trade_id,trade_date,entry_ts,exit_ts,split,structure,span_time_slot,entry_dte,confidence_score,quality_switch_pass,skip_reason,lots,lot_size,margin_cap_lots,risk_cap_lots,binding_constraint,equity_before,margin_rupees,margin_utilization,max_loss_rupees,q95_cost_reserve_rupees,cash_risk_reserved_rupees,cash_risk_utilization,gross_pnl_rupees,base_slippage_rupees,ladder_impact_rupees,volume_impact_rupees,oi_impact_rupees,impact_rupees,slippage_rupees,brokerage_rupees,stt_rupees,stamp_duty_rupees,exchange_charges_rupees,sebi_charges_rupees,ipft_rupees,gst_rupees,charges_rupees,total_cost_rupees,net_pnl_rupees,turnover_rupees,position_net_return_on_margin,equity_after,drawdown_after_rupees,drawdown_after_pct,executed,profile,config_id
886,2021-03-31,2021-03-31 06:12:00+00:00,,discovery_2021_2023,,,,0.3888888888888889,False,confidence_score_at_or_below_0.40,0,,5,0,quality_switch,1000000.0,0.0,0.0,0.0,0.0,0.0,0.0,0.0,0.0,0.0,0.0,0.0,0.0,0.0,0.0,0.0,0.0,0.0,0.0,0.0,0.0,0.0,0.0,0.0,0.0,0.0,1000000.0,0.0,0.0,False,max_margin_efficiency_dd_1.5%,5628
888,2021-04-15,2021-04-15 06:08:00+00:00,,discovery_2021_2023,,,,0.2361111111111111,False,confidence_score_at_or_below_0.40,0,,6,0,quality_switch,1000000.0,0.0,0.0,0.0,0.0,0.0,0.0,0.0,0.0,0.0,0.0,0.0,0.0,0.0,0.0,0.0,0.0,0.0,0.0,0.0,0.0,0.0,0.0,0.0,0.0,0.0,1000000.0,0.0,0.0,False,max_margin_efficiency_dd_1.5%,5628
890,2021-04-28,2021-04-28 06:10:00+00:00,,discovery_2021_2023,,,,0.2777777777777778,False,confidence_score_at_or_below_0.40,0,,5,0,quality_switch,1000000.0,0.0,0.0,0.0,0.0,0.0,0.0,0.0,0.0,0.0,0.0,0.0,0.0,0.0,0.0,0.0,0.0,0.0,0.0,0.0,0.0,0.0,0.0,0.0,0.0,0.0,1000000.0,0.0,0.0,False,max_margin_efficiency_dd_1.5%,5628
891,2021-04-29,2021-04-29 06:49:00+00:00,,discovery_2021_2023,,,,0.0694444444444444,False,confidence_score_at_or_below_0.40,0,,6,0,quality_switch,1000000.0,0.0,0.0,0.0,0.0,0.0,0.0,0.0,0.0,0.0,0.0,0.0,0.0,0.0,0.0,0.0,0.0,0.0,0.0,0.0,0.0,0.0,0.0,0.0,0.0,0.0,1000000.0,0.0,0.0,False,max_margin_efficiency_dd_1.5%,5628
894,2021-05-12,2021-05-12 07:23:00+00:00,2021-05-12 13:53:00+05:30,discovery_2021_2023,short_iron_fly,ID2,8.109027777777778,0.5277777777777778,True,,5,75.0,6,5,cash_risk,1000000.0,280159.54749866,0.2801595474986599,35081.25,1326.4136582412866,36407.66365824129,0.03640766365824129,5662.499999999999,256.92566771316814,17.418689336485976,10.078772313155412,2.2887321767218705,29.78619382636326,286.71186153953136,160.0,11.401554346552121,0.5228196166393132,14.092719365486131,0.040230429247748015,0.2011521462387401,31.38013834937507,217.63861425353912,504.3504757930705,5158.149524206929,40230.42924774802,0.01841147149993737,1005158.1495242068,0.0,0.0,True,max_margin_efficiency_dd_1.5%,5628
896,2021-06-03,2021-06-03 07:57:00+00:00,2021-06-03 14:27:00+05:30,discovery_2021_2023,short_iron_fly,ID2,7.085416666666666,0.9722222222222222,True,,5,75.0,5,5,margin_and_cash_risk,1005158.1495242068,293413.6469001069,0.2919079420875159,37293.75,1326.4136582412866,38620.16365824129,0.0384219773540335,-7106.25,297.32659308307086,20.157735124275995,12.340156841259812,2.7351603368156816,35.23305230235149,332.55964538542236,160.0,10.531743300210493,0.8550688873741923,17.362893731033456,0.049565782846227396,0.247828914231137,31.97885191705995,221.02595253275547,553.5855979181779,-7659.835597918178,49565.78284622738,-0.026105928196741235,997498.3139262889,-7659.835597917903,-0.00762052777619493,True,max_margin_efficiency_dd_1.5%,5628
898,2021-06-17,2021-06-17 05:41:00+00:00,,discovery_2021_2023,,,,0.375,False,confidence_score_at_or_below_0.40,0,,5,0,quality_switch,997498.3139262889,0.0,0.0,0.0,0.0,0.0,0.0,0.0,0.0,0.0,0.0,0.0,0.0,0.0,0.0,0.0,0.0,0.0,0.0,0.0,0.0,0.0,0.0,0.0,0.0,0.0,997498.3139262889,-7659.835597917903,-0.00762052777619493,False,max_margin_efficiency_dd_1.5%,5628
900,2021-07-08,2021-07-08 08:32:00+00:00,2021-07-08 15:02:00+05:30,discovery_2021_2023,short_iron_fly,ID3,7.061111111111111,0.7916666666666666,True,,4,75.0,5,4,cash_risk,997498.3139262889,233230.3404867786,0.2338152728988105,32670.0,1079.7635095386486,33749.76350953865,0.03383440657327529,6989.999999999999,153.75903513967552,7.818256024051299,3.945976020999419,1.3023129709625272,13.066545016013245,166.82558015568878,160.0,6.642347799477585,0.19384563537332578,6.91709973735653,0.01974621677806603,0.09873108389033015,30.06640386684449,203.93817433972032,370.7637544954091,6619.2362455045895,19746.216778066027,0.02838068251192997,1004117.5501717932,-1040.5993524135556,-0.0010352593299931545,True,max_margin_efficiency_dd_1.5%,5628
901,2021-07-15,2021-07-15 05:17:00+00:00,2021-07-15 11:47:00+05:30,discovery_2021_2023,short_iron_fly,BOD,7.196527777777778,0.9583333333333334,True,,5,75.0,5,5,margin_and_cash_risk,1004117.5501717932,293261.4147425243,0.292058847783659,36112.5,1326.4136582412866,37438.91365824129,0.03728538919754556,599.9999999999999,200.592001028743,13.599457696863931,7.115534435200425,1.6091443451336918,22.32413647719805,222.91613750594104,160.0,12.326268370642934,0.7282635863637542,17.13947476391321,0.048927989620077675,0.2446399481003884,31.93794768629406,222.42552234493442,445.3416598508754,154.65834014912446,48927.98962007767,0.0005273736413121731,1004272.2085119424,-885.9410122643458,-0.000881394646885858,True,max_margin_efficiency_dd_1.5%,5628
902,2021-07-29,2021-07-29 08:29:00+00:00,2021-07-29 14:59:00+05:30,discovery_2021_2023,short_iron_fly,ID2,14.063194444444443,0.7638888888888888,True,,6,50.0,9,6,cash_risk,1004272.2085119424,233899.3418717124,0.2329043260275891,35145.0,1581.2903686756513,36726.290368675654,0.03657005546642977,2744.9999999999995,133.63823542422452,11.325274188493601,5.386383763234027,1.097784036174573,17.8094419879022,151.44767741212672,160.0,5.129627180429944,0.2299710611481604,6.279112226615904,0.0179249563991319,0.08962478199565951,29.94959915370193,201.69585936029074,353.14353677241746,2391.856463227582,17924.9563991319,0.010226007666748598,1006664.06497517,0.0,0.0,True,max_margin_efficiency_dd_1.5%,5628
903,2021-08-12,2021-08-12 08:08:00+00:00,2021-08-12 14:38:00+05:30,discovery_2021_2023,short_iron_fly,ID2,6.0777777777777775,0.9027777777777778,True,,6,50.0,8,6,cash_risk,1006664.06497517,239104.21639416384,0.237521358627281,33600.0,1581.2903686756513,35181.290368675654,0.03494839201351985,5445.000000000001,132.06435790345301,11.191894737580766,4.579507227164665,0.8655934200209066,16.636995384766337,148.70135328821937,160.0,6.247726077446605,0.21597460524544285,6.899020363775046,0.019694605663074637,0.09847302831537319,30.06309383959563,203.54398252004114,352.2453358082605,5092.754664191741,19694.605663074635,0.021299309317893093,1011756.8196393616,0.0,0.0,True,max_margin_efficiency_dd_1.5%,5628
904,2021-08-26,2021-08-26 05:40:00+00:00,,discovery_2021_2023,,,,0.2222222222222222,False,confidence_score_at_or_below_0.40,0,,8,0,quality_switch,1011756.8196393616,0.0,0.0,0.0,0.0,0.0,0.0,0.0,0.0,0.0,0.0,0.0,0.0,0.0,0.0,0.0,0.0,0.0,0.0,0.0,0.0,0.0,0.0,0.0,0.0,0.0,1011756.8196393616,0.0,0.0,False,max_margin_efficiency_dd_1.5%,5628
905,2021-09-02,2021-09-02 05:57:00+00:00,2021-09-02 12:27:00+05:30,discovery_2021_2023,short_iron_fly,ID1,7.16875,0.4166666666666667,True,,7,50.0,8,7,cash_risk,1011756.8196393616,292409.5785724525,0.2890117199078343,34387.5,1844.176952565028,36231.67695256503,0.035810657511040775,-454.9999999999992,172.9388625269338,17.587002968840725,6.4483233684159735,1.3099301415530402,25.345256478809738,198.28411900574352,160.0,10.893265291255986,0.6731944410455314,15.4924887529956,0.04422634528402969,0.22113172642014844,31.636412428445958,218.96071898544724,417.2448379911908,-872.24483799119,44226.34528402968,-0.002982955764477693,1010884.5748013704,-872.2448379911948,-0.0008621091759006827,True,max_margin_efficiency_dd_1.5%,5628
908,2021-09-23,2021-09-23 06:04:00+00:00,,discovery_2021_2023,,,,0.2638888888888889,False,confidence_score_at_or_below_0.40,0,,8,0,quality_switch,1010884.5748013704,0.0,0.0,0.0,0.0,0.0,0.0,0.0,0.0,0.0,0.0,0.0,0.0,0.0,0.0,0.0,0.0,0.0,0.0,0.0,0.0,0.0,0.0,0.0,0.0,0.0,1010884.5748013704,-872.2448379911948,-0.0008621091759006827,False,max_margin_efficiency_dd_1.5%,5628
909,2021-09-30,2021-09-30 07:51:00+00:00,2021-09-30 14:21:00+05:30,discovery_2021_2023,short_iron_fly,ID2,14.089583333333334,0.8055555555555556,True,,8,50.0,8,9,margin,1010884.5748013704,347297.7337857942,0.3435582483331838,31580.0,2114.463589658114,33694.46358965812,0.03333166261467465,5199.999999999999,230.4592963714395,27.342628383052144,5.008165166267652,2.363815660669908,34.7146092099897,265.1739055814292,160.0,16.18984265651131,0.8233457765581214,20.95653794942882,0.05982454453162666,0.29912272265813333,32.63678733899134,230.96546098867935,496.13936657010856,4703.86063342989,59824.54453162666,0.013544173128210307,1015588.4354348005,0.0,0.0,True,max_margin_efficiency_dd_1.5%,5628
911,2021-10-14,2021-10-14 07:37:00+00:00,2021-10-14 14:07:00+05:30,discovery_2021_2023,short_iron_fly,ID2,7.099305555555556,1.0,True,,7,50.0,8,7,cash_risk,1015588.4354348005,310289.7551036363,0.3055270661592292,33705.0,1844.176952565028,35549.17695256503,0.035003526736049805,-2782.5000000000014,182.1167973341998,18.520352271274557,6.96911330916779,1.7538074851122496,27.2432730655546,209.3600703997544,160.0,10.27675922965294,0.7063613558911691,15.447843615250736,0.04409889698901151,0.2204944849450576,31.628238659493263,218.32379624222222,427.6838666419766,-3210.183866641978,44098.89698901151,-0.010345761707697316,1012378.2515681584,-3210.1838666420663,-0.003160910221735369,True,max_margin_efficiency_dd_1.5%,5628
912,2021-10-21,2021-10-21 05:22:00+00:00,2021-10-21 11:52:00+05:30,discovery_2021_2023,short_iron_fly,BOD,13.193055555555556,0.5,True,,7,50.0,7,12,margin,1012378.2515681584,318180.7458439601,0.3142903804493063,20860.000000000007,1844.176952565028,22704.176952565034,0.022426575163380497,3814.999999999999,252.55139238536418,25.68319244596924,9.069768834187771,3.2588638287841794,38.01182510894119,290.5632174943054,160.0,22.558693575655525,1.2477885110641607,30.37463123329678,0.08671033752011642,0.43355168760058205,34.361080786515146,249.0624561316523,539.6256736259577,3275.3743263740416,86710.33752011642,0.010294068290292861,1015653.6258945324,0.0,0.0,True,max_margin_efficiency_dd_1.5%,5628
913,2021-11-03,2021-11-03 07:52:00+00:00,2021-11-03 14:22:00+05:30,discovery_2021_2023,short_iron_fly,ID2,8.088888888888889,0.75,True,,8,50.0,8,8,margin_and_cash_risk,1015653.6258945324,350582.6027948463,0.3451792952406114,35660.0,2114.463589658114,37774.46358965812,0.037192269713396064,6600.000000000002,192.27133562148686,22.811853378820476,4.869202409074312,2.049460373512733,29.73051616140752,222.0018517828944,160.0,14.53047223433553,0.6804883896136186,18.125884943430492,0.051743890789125016,0.2587194539456251,32.11854269186974,225.76585160398412,447.76770338687857,6152.232296613123,51743.89078912501,0.017548595530889142,1021805.8581911456,0.0,0.0,True,max_margin_efficiency_dd_1.5%,5628
914,2021-11-18,2021-11-18 06:18:00+00:00,2021-11-18 12:48:00+05:30,discovery_2021_2023,short_iron_fly,ID1,14.154166666666669,0.4027777777777778,True,,8,50.0,8,10,margin,1021805.8581911456,348957.7349976597,0.3415107989451176,28980.0,2114.463589658114,31094.463589658113,0.030430891876763327,1919.9999999999995,220.00391577569422,26.102159498811183,7.8128263324947795,2.341319857700409,36.25630568900637,256.26022146470063,160.0,18.965335536878086,1.0880079388566264,25.99142010985266,0.07419760236897704,0.3709880118448853,33.55858903033197,240.0485382301332,496.3087596948338,1423.6912403051656,74197.60236897704,0.004079838609437082,1023229.5494314508,0.0,0.0,True,max_margin_efficiency_dd_1.5%,5628
919,2021-12-23,2021-12-23 05:46:00+00:00,2021-12-23 12:16:00+05:30,discovery_2021_2023,short_iron_fly,ID1,14.176388888888887,0.6805555555555556,True,,8,50.0,8,9,margin,1023229.5494314508,339653.6411597409,0.3319427603986483,30739.999999999996,2114.463589658114,32854.46358965811,0.032108595385965374,-4940.000000000001,244.40684545821836,28.997422342500485,6.910114160171065,2.0440980059579035,37.95163450862945,282.35847996684777,160.0,18.40611247585843,1.2610375029505114,27.62003697670522,0.07884680838340058,0.39423404191700284,33.85676120886101,241.61702901467555,523.9755089815234,-5463.975508981524,78846.80838340057,-0.0160869039717192,1017765.5739224692,-5463.975508981617,-0.005339931310640589,True,max_margin_efficiency_dd_1.5%,5628
920,2021-12-30,2021-12-30 07:12:00+00:00,2021-12-30 13:42:00+05:30,discovery_2021_2023,short_iron_fly,ID2,14.116666666666667,0.7777777777777778,True,,7,50.0,8,7,cash_risk,1017765.5739224692,298122.20380186505,0.2929183413552709,34702.5,1844.176952565028,36546.67695256503,0.035908737619915865,2835.000000000002,158.43776658049566,16.112315245474136,6.627903366939602,1.1073320412770182,23.847550653690757,182.28531723418644,160.0,9.813860789893655,0.5092502069106449,12.821935785426126,0.036602728476808816,0.18301364238404405,31.147479388131654,214.51214254122294,396.7974597754094,2438.2025402245927,36602.728476808814,0.008178533866752997,1020203.776462694,-3025.7729687567335,-0.0029570813024681897,True,max_margin_efficiency_dd_1.5%,5628
922,2022-01-13,2022-01-13 07:09:00+00:00,2022-01-13 13:39:00+05:30,discovery_2021_2023,short_iron_fly,ID2,7.11875,0.8472222222222222,True,,8,50.0,8,8,margin_and_cash_risk,1020203.776462694,354212.1134356234,0.3471974144849443,37080.0,2114.463589658114,39194.46358965812,0.038418269461376914,4380.0,195.31200185084543,23.172610389083363,7.802425068093483,1.58696307182365,32.5619985290005,227.874000379846,160.0,12.391662548203739,0.6189359729036197,15.908707824876135,0.045414524193194784,0.22707262096597397,31.712615094606353,220.90440858574902,448.778408965595,3931.221591034405,45414.52419319479,0.01109849562428612,1024134.9980537284,0.0,0.0,True,max_margin_efficiency_dd_1.5%,5628
927,2022-02-10,2022-02-10 07:33:00+00:00,2022-02-10 14:03:00+05:30,discovery_2021_2023,short_iron_fly,ID2,7.102083333333334,0.6388888888888888,True,,8,50.0,8,8,margin_and_cash_risk,1024134.9980537284,342972.8726307876,0.3348902959888833,38000.0,2114.463589658114,40114.46358965812,0.03916911702645829,3700.0,194.56877291557157,23.084430684898326,5.655420291964736,1.5020610901078058,30.241912066970865,224.81068498254245,160.0,11.881628171680733,0.6086420108503202,15.431178577108426,0.044051323371705475,0.22025661685852738,31.625187573120954,219.81094427299067,444.6216292555331,3255.378370744467,44051.32337170547,0.00949164972078973,1027390.3764244728,0.0,0.0,True,max_margin_efficiency_dd_1.5%,5628
929,2022-02-22,2022-02-22 05:48:00+00:00,,discovery_2021_2023,,,,0.0277777777777777,False,confidence_score_at_or_below_0.40,0,,7,0,quality_switch,1027390.3764244728,0.0,0.0,0.0,0.0,0.0,0.0,0.0,0.0,0.0,0.0,0.0,0.0,0.0,0.0,0.0,0.0,0.0,0.0,0.0,0.0,0.0,0.0,0.0,0.0,0.0,1027390.3764244728,0.0,0.0,False,max_margin_efficiency_dd_1.5%,5628
939,2022-03-16,2022-03-16 05:39:00+00:00,,discovery_2021_2023,,,,0.25,False,confidence_score_at_or_below_0.40,0,,7,0,quality_switch,1027390.3764244728,0.0,0.0,0.0,0.0,0.0,0.0,0.0,0.0,0.0,0.0,0.0,0.0,0.0,0.0,0.0,0.0,0.0,0.0,0.0,0.0,0.0,0.0,0.0,0.0,0.0,1027390.3764244728,0.0,0.0,False,max_margin_efficiency_dd_1.5%,5628
940,2022-03-21,2022-03-21 05:47:00+00:00,,discovery_2021_2023,,,,0.0972222222222222,False,confidence_score_at_or_below_0.40,0,,6,0,quality_switch,1027390.3764244728,0.0,0.0,0.0,0.0,0.0,0.0,0.0,0.0,0.0,0.0,0.0,0.0,0.0,0.0,0.0,0.0,0.0,0.0,0.0,0.0,0.0,0.0,0.0,0.0,0.0,1027390.3764244728,0.0,0.0,False,max_margin_efficiency_dd_1.5%,5628
941,2022-03-22,2022-03-22 06:01:00+00:00,,discovery_2021_2023,,,,0.0138888888888888,False,confidence_score_at_or_below_0.40,0,,6,0,quality_switch,1027390.3764244728,0.0,0.0,0.0,0.0,0.0,0.0,0.0,0.0,0.0,0.0,0.0,0.0,0.0,0.0,0.0,0.0,0.0,0.0,0.0,0.0,0.0,0.0,0.0,0.0,0.0,1027390.3764244728,0.0,0.0,False,max_margin_efficiency_dd_1.5%,5628
944,2022-04-13,2022-04-13 06:10:00+00:00,2022-04-13 12:40:00+05:30,discovery_2021_2023,short_iron_fly,ID1,8.159722222222221,0.5555555555555556,True,,8,50.0,8,9,margin,1027390.3764244728,343792.7025017413,0.3346271391972832,31359.999999999996,2114.463589658114,33474.46358965811,0.03258202953599394,-1720.000000000001,247.2561039019509,29.335469954468753,7.154683094033814,2.1444705201573617,38.634623568659926,285.89072747061084,160.0,18.23268825552772,1.1541380171557816,26.250306305478396,0.07493664374958149,0.3746832187479075,33.60598671023566,239.69273915089508,525.583466621506,-2245.583466621507,74936.64374958148,-0.006531795033113401,1025144.7929578512,-2245.5834666215815,-0.0021857158857537806,True,max_margin_efficiency_dd_1.5%,5628
945,2022-04-21,2022-04-21 07:05:00+00:00,,discovery_2021_2023,,,,0.0833333333333333,False,confidence_score_at_or_below_0.40,0,,8,0,quality_switch,1025144.7929578512,0.0,0.0,0.0,0.0,0.0,0.0,0.0,0.0,0.0,0.0,0.0,0.0,0.0,0.0,0.0,0.0,0.0,0.0,0.0,0.0,0.0,0.0,0.0,0.0,0.0,1025144.7929578512,-2245.5834666215815,-0.0021857158857537806,False,max_margin_efficiency_dd_1.5%,5628
946,2022-04-27,2022-04-27 05:38:00+00:00,,discovery_2021_2023,,,,0.1527777777777778,False,confidence_score_at_or_below_0.40,0,,7,0,quality_switch,1025144.7929578512,0.0,0.0,0.0,0.0,0.0,0.0,0.0,0.0,0.0,0.0,0.0,0.0,0.0,0.0,0.0,0.0,0.0,0.0,0.0,0.0,0.0,0.0,0.0,0.0,0.0,1025144.7929578512,-2245.5834666215815,-0.0021857158857537806,False,max_margin_efficiency_dd_1.5%,5628
947,2022-04-28,2022-04-28 08:09:00+00:00,2022-04-28 14:39:00+05:30,discovery_2021_2023,short_iron_fly,ID2,14.077083333333333,0.4444444444444444,True,,7,50.0,8,7,cash_risk,1025144.7929578512,293262.0766389842,0.2860689325581363,35857.5,1844.176952565028,37701.67695256503,0.036776928694905966,-2695.000000000001,189.8992473643657,19.311787867562614,5.759911027887476,1.3473077355368757,26.419006630986967,216.31825399535268,160.0,8.946877885784781,0.6241522207669474,13.556200077936207,0.038698829797134474,0.19349414898567238,31.28191075020942,214.64133391348017,430.9595879088328,-3125.959587908834,38698.82979713447,-0.010659269768988911,1022018.8333699424,-5371.543054530397,-0.005228336937731948,True,max_margin_efficiency_dd_1.5%,5628
950,2022-05-17,2022-05-17 08:21:00+00:00,,discovery_2021_2023,,,,0.1805555555555555,False,confidence_score_at_or_below_0.40,0,,7,0,quality_switch,1022018.8333699424,0.0,0.0,0.0,0.0,0.0,0.0,0.0,0.0,0.0,0.0,0.0,0.0,0.0,0.0,0.0,0.0,0.0,0.0,0.0,0.0,0.0,0.0,0.0,0.0,0.0,1022018.8333699424,-5371.543054530397,-0.005228336937731948,False,max_margin_efficiency_dd_1.5%,5628
952,2022-05-23,2022-05-23 06:43:00+00:00,,discovery_2021_2023,,,,0.0416666666666666,False,confidence_score_at_or_below_0.40,0,,7,0,quality_switch,1022018.8333699424,0.0,0.0,0.0,0.0,0.0,0.0,0.0,0.0,0.0,0.0,0.0,0.0,0.0,0.0,0.0,0.0,0.0,0.0,0.0,0.0,0.0,0.0,0.0,0.0,0.0,1022018.8333699424,-5371.543054530397,-0.005228336937731948,False,max_margin_efficiency_dd_1.5%,5628
954,2022-05-26,2022-05-26 07:43:00+00:00,2022-05-26 14:13:00+05:30,discovery_2021_2023,short_iron_fly,ID2,14.095138888888888,0.625,True,,8,50.0,8,10,margin,1022018.8333699424,321590.4072490079,0.314661918889122,30120.0,2114.463589658114,32234.463589658113,0.03153998980955191,9719.999999999998,285.45605585101765,33.86766764334108,5.262687719967943,2.3695528252049156,41.499908188513935,326.95596403953164,160.0,18.024712531253414,0.7996914307963908,21.965843872995332,0.06270580608905318,0.3135290304452659,32.82157416771534,233.9880568392948,560.9440208788264,9159.05597912117,62705.80608905319,0.028480501198623442,1031177.8893490636,0.0,0.0,True,max_margin_efficiency_dd_1.5%,5628
955,2022-05-30,2022-05-30 08:25:00+00:00,2022-05-30 14:55:00+05:30,discovery_2021_2023,short_iron_fly,ID2,10.06597222222222,0.4861111111111111,True,,7,50.0,7,25,margin,1031177.8893490636,338319.7224174202,0.32809055150609,9240.000000000007,1844.176952565028,11084.176952565034,0.010749044434575666,69.99999999999851,797.8255137699769,81.13479801050613,33.582652423775414,9.32883950108626,124.04628993536781,921.8718037053447,160.0,72.05309932266485,4.348742113471051,101.25921346375597,0.2890642690943647,1.4453213454718237,47.33884783409799,386.73428834855605,1308.6060920539007,-1238.6060920539023,289064.2690943647,-0.003661051987166463,1029939.2832570096,-1238.6060920540476,-0.0012011565655620782,True,max_margin_efficiency_dd_1.5%,5628
957,2022-06-07,2022-06-07 05:47:00+00:00,,discovery_2021_2023,,,,0.1944444444444444,False,confidence_score_at_or_below_0.40,0,,7,0,quality_switch,1029939.2832570096,0.0,0.0,0.0,0.0,0.0,0.0,0.0,0.0,0.0,0.0,0.0,0.0,0.0,0.0,0.0,0.0,0.0,0.0,0.0,0.0,0.0,0.0,0.0,0.0,0.0,1029939.2832570096,-1238.6060920540476,-0.0012011565655620782,False,max_margin_efficiency_dd_1.5%,5628
959,2022-06-13,2022-06-13 05:16:00+00:00,,discovery_2021_2023,,,,0.125,False,confidence_score_at_or_below_0.40,0,,7,0,quality_switch,1029939.2832570096,0.0,0.0,0.0,0.0,0.0,0.0,0.0,0.0,0.0,0.0,0.0,0.0,0.0,0.0,0.0,0.0,0.0,0.0,0.0,0.0,0.0,0.0,0.0,0.0,0.0,1029939.2832570096,-1238.6060920540476,-0.0012011565655620782,False,max_margin_efficiency_dd_1.5%,5628
960,2022-06-14,2022-06-14 05:25:00+00:00,,discovery_2021_2023,,,,0.1111111111111111,False,confidence_score_at_or_below_0.40,0,,7,0,quality_switch,1029939.2832570096,0.0,0.0,0.0,0.0,0.0,0.0,0.0,0.0,0.0,0.0,0.0,0.0,0.0,0.0,0.0,0.0,0.0,0.0,0.0,0.0,0.0,0.0,0.0,0.0,0.0,1029939.2832570096,-1238.6060920540476,-0.0012011565655620782,False,max_margin_efficiency_dd_1.5%,5628
962,2022-06-16,2022-06-16 06:40:00+00:00,2022-06-16 13:10:00+05:30,discovery_2021_2023,short_iron_fly,ID1,7.138888888888889,0.5416666666666666,True,,9,50.0,9,11,margin,1029939.2832570096,358243.1285137405,0.3478293665825202,31072.5,2392.269694146484,33464.76969414648,0.032491983011192445,-2519.999999999999,404.7330547086543,54.879058265580255,9.206075266513443,4.955392105901558,69.04052563799524,473.7735803466496,160.0,27.134657452721203,1.7178926545736717,39.069800907948384,0.11153240339123147,0.5576620169561572,35.953019159093245,264.5445645946839,738.3181449413335,-3258.3181449413323,111532.40339123146,-0.009095270461876727,1026680.9651120685,-4496.924236995168,-0.004360958747703481,True,max_margin_efficiency_dd_1.5%,5628
963,2022-06-23,2022-06-23 05:03:00+00:00,,discovery_2021_2023,,,,0.1666666666666666,False,confidence_score_at_or_below_0.40,0,,9,0,quality_switch,1026680.9651120685,0.0,0.0,0.0,0.0,0.0,0.0,0.0,0.0,0.0,0.0,0.0,0.0,0.0,0.0,0.0,0.0,0.0,0.0,0.0,0.0,0.0,0.0,0.0,0.0,0.0,1026680.9651120685,-4496.924236995168,-0.004360958747703481,False,max_margin_efficiency_dd_1.5%,5628
968,2022-07-27,2022-07-27 06:08:00+00:00,,discovery_2021_2023,,,,0.3472222222222222,False,confidence_score_at_or_below_0.40,0,,8,0,quality_switch,1026680.9651120685,0.0,0.0,0.0,0.0,0.0,0.0,0.0,0.0,0.0,0.0,0.0,0.0,0.0,0.0,0.0,0.0,0.0,0.0,0.0,0.0,0.0,0.0,0.0,0.0,0.0,1026680.9651120685,-4496.924236995168,-0.004360958747703481,False,max_margin_efficiency_dd_1.5%,5628
969,2022-07-28,2022-07-28 06:19:00+00:00,2022-07-28 12:49:00+05:30,discovery_2021_2023,short_iron_fly,ID1,14.153472222222222,0.5277777777777778,True,,8,50.0,8,8,margin_and_cash_risk,1026680.9651120685,334431.1736446539,0.3257401130526938,36060.0,2114.463589658114,38174.46358965812,0.03718240123940658,2399.999999999999,199.46132449444383,23.664902906120457,5.386514711050135,1.436039599863489,30.48745721703408,229.9487817114779,160.0,14.270350799498265,0.7911195114212404,19.235446598490505,0.05491135197970454,0.2745567598985228,32.32168464786638,226.94806966915462,456.8968513806325,1943.1031486193665,54911.35197970454,0.005810173517747448,1028624.0682606878,-2553.821088375873,-0.0024766057483912585,True,max_margin_efficiency_dd_1.5%,5628
971,2022-08-10,2022-08-10 08:11:00+00:00,2022-08-10 14:41:00+05:30,discovery_2021_2023,short_iron_fly,ID2,8.075694444444444,0.5694444444444444,True,,7,50.0,7,17,margin,1028624.0682606878,318951.7261956677,0.3100760871121622,14857.499999999987,1844.176952565028,16701.676952565016,0.016236910517567486,-454.999999999999,415.2250586431434,42.22627715015018,13.839349806831223,2.7742046211867324,58.83983157816814,474.06489022131154,160.0,38.958932287589285,2.3654078839619967,54.91470735241463,0.15676479404057847,0.7838239702028924,38.853953300998455,296.03358958920785,770.0984798105194,-1225.0984798105185,156764.79404057848,-0.0038410153612366904,1027398.9697808772,-3778.919568186393,-0.003664663107324606,True,max_margin_efficiency_dd_1.5%,5628
975,2022-08-25,2022-08-25 07:04:00+00:00,,discovery_2021_2023,,,,0.2916666666666667,False,confidence_score_at_or_below_0.40,0,,8,0,quality_switch,1027398.9697808772,0.0,0.0,0.0,0.0,0.0,0.0,0.0,0.0,0.0,0.0,0.0,0.0,0.0,0.0,0.0,0.0,0.0,0.0,0.0,0.0,0.0,0.0,0.0,0.0,0.0,1027398.9697808772,-3778.919568186393,-0.003664663107324606,False,max_margin_efficiency_dd_1.5%,5628
985,2022-10-06,2022-10-06 05:00:00+00:00,2022-10-06 11:30:00+05:30,discovery_2021_2023,short_iron_fly,BOD,7.208333333333333,0.4305555555555556,True,,8,50.0,8,10,margin,1027398.9697808772,342779.99582660454,0.3336386407898699,29500.0,2114.463589658114,31614.463589658113,0.030771360026184198,859.9999999999994,269.9398441058944,32.026761165106116,5.234960629616449,1.7957260393953263,39.05744783411789,308.99729194001225,160.0,19.612341861013306,1.1602104304189986,27.287797167018432,0.07789836473599324,0.3894918236799662,33.79593372397819,242.32367337084492,551.3209653108572,308.6790346891422,77898.36473599325,0.0009005164783457424,1027707.6488155664,-3470.2405334971845,-0.003365317050860961,True,max_margin_efficiency_dd_1.5%,5628
989,2022-11-02,2022-11-02 08:25:00+00:00,2022-11-02 14:55:00+05:30,discovery_2021_2023,short_iron_fly,ID2,8.065972222222221,0.6944444444444444,True,,7,50.0,7,17,margin,1027707.6488155664,327318.7284100634,0.318494008278812,14367.499999999993,1844.176952565028,16211.67695256502,0.015774599878913994,-245.00000000000347,328.22359102346246,33.37867027357245,14.575592322219965,3.4113076098469053,51.36557020563932,379.5891612291018,160.0,39.09719395799491,2.3645693123165676,55.00178175712102,0.15701336499320873,0.7850668249660437,38.86989515047445,296.2755203678662,675.864681596968,-920.8646815969714,157013.36499320876,-0.002813357750929902,1026786.7841339692,-4391.1052150944015,-0.00425833918710794,True,max_margin_efficiency_dd_1.5%,5628
990,2022-11-03,2022-11-03 05:34:00+00:00,2022-11-03 12:04:00+05:30,discovery_2021_2023,short_iron_fly,ID1,7.184722222222222,0.4722222222222222,True,,8,50.0,8,9,margin,1026786.7841339692,354060.6496066319,0.3448239255487301,30920.0,2114.463589658114,33034.46358965812,0.03217266145231956,4519.999999999997,207.23456960675347,24.587152326224988,5.75335235994527,1.4998645303057745,31.84036921647603,239.0749388232295,160.0,17.19674814987977,0.9033771371574832,22.59647545868131,0.06450606753834232,0.3225303376917116,32.93703213550405,234.0206692864527,473.0956081096822,4046.9043918903153,64506.06753834232,0.011429975051976272,1030833.6885258596,-344.2008232040098,-0.000333793835922247,True,max_margin_efficiency_dd_1.5%,5628
991,2022-11-10,2022-11-10 08:11:00+00:00,2022-11-10 14:41:00+05:30,discovery_2021_2023,short_iron_fly,ID2,7.075694444444444,0.8888888888888888,True,,7,50.0,8,7,cash_risk,1030833.6885258596,305598.97940672975,0.2964580832081173,37450.0,1844.176952565028,39294.17695256503,0.03811883273698354,4830.0,153.64017163668376,15.624424234239028,4.6117967050665625,0.8892441426859818,21.12546508199157,174.76563671867535,160.0,7.842325523818959,0.33073849274611455,9.356256395619692,0.0267092674725084,0.133546337362542,30.512972160081855,208.20254817710168,382.968184895777,4447.031815104223,26709.2674725084,0.014551854275617691,1035280.7203409638,0.0,0.0,True,max_margin_efficiency_dd_1.5%,5628
992,2022-11-17,2022-11-17 08:21:00+00:00,2022-11-17 14:51:00+05:30,discovery_2021_2023,short_iron_fly,ID2,14.06875,0.875,True,,7,50.0,8,7,cash_risk,1035280.7203409638,314188.6680510025,0.303481617959162,39392.5,1844.176952565028,41236.67695256503,0.03983139658872809,4585.0,153.48271477548647,15.608411672083372,5.281683656557017,0.8934054255665067,21.783500754206894,175.2662155296934,160.0,6.798874021692575,0.27564042776744535,7.9818525344956885,0.02278576230229999,0.1139288115115,30.261342079495705,205.45442363726522,380.7206391669586,4204.279360833041,22785.762302299994,0.013381384462123749,1039484.9997017968,0.0,0.0,True,max_margin_efficiency_dd_1.5%,5628
995,2022-12-08,2022-12-08 07:49:00+00:00,2022-12-08 14:19:00+05:30,discovery_2021_2023,short_iron_fly,ID2,7.090972222222222,0.7361111111111112,True,,7,50.0,8,7,cash_risk,1039484.9997017968,312700.4571041132,0.300822481511344,36277.5,1844.176952565028,38121.67695256503,0.03667361911283109,1925.000000000001,153.5838175762534,15.61869331283933,3.2821383366835004,0.8588786814041881,19.759710330927017,173.34352790718043,160.0,8.820498053898412,0.4766801890711199,11.745676610948337,0.03353033574350082,0.1676516787175041,30.950434552573682,212.19447142095254,385.53799932813297,1539.4620006718678,33530.33574350082,0.0049231204038800176,1041024.4617024688,0.0,0.0,True,max_margin_efficiency_dd_1.5%,5628
996,2022-12-15,2022-12-15 07:28:00+00:00,2022-12-15 13:58:00+05:30,discovery_2021_2023,short_iron_fly,ID2,7.105555555555555,0.8194444444444444,True,,8,50.0,8,8,margin_and_cash_risk,1041024.4617024688,358992.8072722229,0.3448456981357901,38980.0,2114.463589658114,41094.46358965812,0.03947502205899477,3580.000000000001,177.713089373682,21.084603823996172,4.59939485971366,1.1974973227341494,26.88149600644398,204.594585380126,160.0,11.748127600797298,0.6036254936092417,15.27907187749583,0.043617104988569314,0.21808552494284658,31.597339411336904,219.48986701317068,424.0844523932967,3155.9155476067044,43617.10498856931,0.008791027239756326,1044180.3772500752,0.0,0.0,True,max_margin_efficiency_dd_1.5%,5628
997,2022-12-22,2022-12-22 06:21:00+00:00,2022-12-22 12:51:00+05:30,discovery_2021_2023,short_iron_fly,ID1,14.152083333333334,0.4583333333333333,True,,8,50.0,8,10,margin,1044180.3772500752,359636.81273169874,0.3444201984324091,29640.000000000004,2114.463589658114,31754.463589658117,0.030410898616277198,3560.000000000001,216.7874382269493,25.72054351845161,4.3212017535663545,1.5939618792780024,31.635707151295964,248.4231453782452,160.0,19.884232499016637,1.0937066443023455,26.70174120544811,0.07622535314144478,0.3811267657072239,33.688636798373416,241.82566926598918,490.2488146442344,3069.7511853557667,76225.35314144478,0.00853569789488126,1047250.1284354312,0.0,0.0,True,max_margin_efficiency_dd_1.5%,5628
1001,2023-01-19,2023-01-19 05:28:00+00:00,2023-01-19 11:58:00+05:30,discovery_2021_2023,short_iron_fly,BOD,14.188888888888888,0.6111111111111112,True,,8,50.0,8,9,margin,1047250.1284354312,356776.71298375493,0.3406795600175973,32660.000000000004,2114.463589658114,34774.46358965812,0.03320549947471518,2540.0,193.06395170128872,22.90589257472917,4.180982989946577,1.1468723504602778,28.233747915136025,221.29769961642472,160.0,15.993864561895935,0.8900708047022488,21.598361608304213,0.061656755947200145,0.30828377973600074,32.75429438591773,231.60653189650333,452.9042315129281,2087.095768487072,61656.75594720015,0.005849865455154029,1049337.224203918,0.0,0.0,True,max_margin_efficiency_dd_1.5%,5628
1002,2023-01-25,2023-01-25 08:19:00+00:00,,discovery_2021_2023,,,,0.3055555555555556,False,confidence_score_at_or_below_0.40,0,,8,0,quality_switch,1049337.224203918,0.0,0.0,0.0,0.0,0.0,0.0,0.0,0.0,0.0,0.0,0.0,0.0,0.0,0.0,0.0,0.0,0.0,0.0,0.0,0.0,0.0,0.0,0.0,0.0,0.0,1049337.224203918,0.0,0.0,False,max_margin_efficiency_dd_1.5%,5628
1003,2023-01-31,2023-01-31 06:15:00+00:00,,discovery_2021_2023,,,,0.1388888888888889,False,confidence_score_at_or_below_0.40,0,,7,0,quality_switch,1049337.224203918,0.0,0.0,0.0,0.0,0.0,0.0,0.0,0.0,0.0,0.0,0.0,0.0,0.0,0.0,0.0,0.0,0.0,0.0,0.0,0.0,0.0,0.0,0.0,0.0,0.0,1049337.224203918,0.0,0.0,False,max_margin_efficiency_dd_1.5%,5628
1004,2023-02-02,2023-02-02 06:50:00+00:00,,discovery_2021_2023,,,,0.2083333333333333,False,confidence_score_at_or_below_0.40,0,,8,0,quality_switch,1049337.224203918,0.0,0.0,0.0,0.0,0.0,0.0,0.0,0.0,0.0,0.0,0.0,0.0,0.0,0.0,0.0,0.0,0.0,0.0,0.0,0.0,0.0,0.0,0.0,0.0,0.0,1049337.224203918,0.0,0.0,False,max_margin_efficiency_dd_1.5%,5628
1006,2023-02-16,2023-02-16 07:12:00+00:00,,discovery_2021_2023,,,,0.3333333333333333,False,confidence_score_at_or_below_0.40,0,,8,0,quality_switch,1049337.224203918,0.0,0.0,0.0,0.0,0.0,0.0,0.0,0.0,0.0,0.0,0.0,0.0,0.0,0.0,0.0,0.0,0.0,0.0,0.0,0.0,0.0,0.0,0.0,0.0,0.0,1049337.224203918,0.0,0.0,False,max_margin_efficiency_dd_1.5%,5628
1007,2023-02-23,2023-02-23 07:03:00+00:00,,discovery_2021_2023,,,,0.3611111111111111,False,confidence_score_at_or_below_0.40,0,,8,0,quality_switch,1049337.224203918,0.0,0.0,0.0,0.0,0.0,0.0,0.0,0.0,0.0,0.0,0.0,0.0,0.0,0.0,0.0,0.0,0.0,0.0,0.0,0.0,0.0,0.0,0.0,0.0,0.0,1049337.224203918,0.0,0.0,False,max_margin_efficiency_dd_1.5%,5628
1011,2023-03-29,2023-03-29 06:50:00+00:00,,discovery_2021_2023,,,,0.0555555555555555,False,confidence_score_at_or_below_0.40,0,,8,0,quality_switch,1049337.224203918,0.0,0.0,0.0,0.0,0.0,0.0,0.0,0.0,0.0,0.0,0.0,0.0,0.0,0.0,0.0,0.0,0.0,0.0,0.0,0.0,0.0,0.0,0.0,0.0,0.0,1049337.224203918,0.0,0.0,False,max_margin_efficiency_dd_1.5%,5628
1012,2023-04-20,2023-04-20 07:16:00+00:00,2023-04-20 13:46:00+05:30,discovery_2021_2023,short_iron_fly,ID2,14.113888888888887,0.6666666666666666,True,,8,50.0,8,8,margin_and_cash_risk,1049337.224203918,345522.2653977801,0.3292766685751678,39140.0,2114.463589658114,41254.46358965812,0.03931478140495388,4459.999999999999,175.16307758625905,20.782060052607008,4.337315273340681,0.9580897833986675,26.077465109346356,201.24054269560537,160.0,14.011955451122741,0.5448110779347598,14.214998144596816,0.04057949798628837,0.2028974899314419,31.402525523852617,220.41776718542465,421.6583098810301,4038.341690118969,40579.49798628838,0.011687645325750154,1053375.565894037,0.0,0.0,True,max_margin_efficiency_dd_1.5%,5628
1013,2023-05-11,2023-05-11 07:34:00+00:00,2023-05-11 14:04:00+05:30,discovery_2021_2023,short_iron_fly,ID2,7.101388888888889,0.6527777777777778,True,,8,50.0,8,8,margin_and_cash_risk,1053375.565894037,354955.0813274163,0.3369691616362426,38660.0,2114.463589658114,40774.46358965812,0.03870838180592445,3060.0,177.88838241364385,21.105401303313684,4.795810168701843,0.9553756170348143,26.85658708905034,204.74496950269423,160.0,14.522450474337516,0.6114199718532817,15.278890246530175,0.043616586487382744,0.21808293243691376,31.5973061577818,222.27176636942704,427.0167358721213,2632.9832641278786,43616.586487382745,0.007417792849397674,1056008.549158165,0.0,0.0,True,max_margin_efficiency_dd_1.5%,5628
1015,2023-05-25,2023-05-25 08:18:00+00:00,2023-05-25 14:48:00+05:30,discovery_2021_2023,short_iron_fly,ID2,14.070833333333333,0.8611111111111112,True,,7,50.0,8,7,cash_risk,1056008.549158165,310667.63937818207,0.2941904586149818,36925.0,1844.176952565028,38769.17695256503,0.03671293853015799,-7577.499999999998,165.87331430900727,16.86847264159396,3.8636447510191,0.9535819277815775,21.68569932039464,187.55901362940193,160.0,10.183532205123754,0.7217613162548222,14.135432433129903,0.04035236207002541,0.20176181035012708,31.387958388999007,216.6707985159276,404.2298121453295,-7981.729812145328,40352.36207002541,-0.02569218290041791,1048026.8193460196,-7981.72981214535,-0.007558395070293988,True,max_margin_efficiency_dd_1.5%,5628
1016,2023-06-01,2023-06-01 07:35:00+00:00,2023-06-01 14:05:00+05:30,discovery_2021_2023,short_iron_fly,ID2,7.100694444444445,0.6111111111111112,True,,7,50.0,8,7,cash_risk,1048026.8193460196,312345.41623392736,0.2980318923792755,34877.5,1844.176952565028,36721.67695256503,0.035038871405485374,1959.999999999999,153.3583406451713,15.59576345544115,3.3321152710740116,0.7350688535237326,19.662947580038892,173.02128822521018,160.0,11.911640422355804,0.5181493789198348,12.726493805109252,0.036330270639763775,0.18165135319881892,31.13000557721061,216.50427080743407,389.5255590326442,1570.474440967355,36330.27063976378,0.005028005404731686,1049597.293786987,-6411.255371178035,-0.006071215404732322,True,max_margin_efficiency_dd_1.5%,5628
1017,2023-06-08,2023-06-08 07:57:00+00:00,2023-06-08 14:27:00+05:30,discovery_2021_2023,short_iron_fly,ID2,7.085416666666666,0.9166666666666666,True,,7,50.0,8,7,cash_risk,1049597.293786987,314523.1705628823,0.2996608055534049,36837.5,1844.176952565028,38681.67695256503,0.03685382687392425,3150.0,153.32442516698526,15.592314423761213,3.8381879168932302,0.7265181641512529,20.157020504805693,173.48144567179094,160.0,10.413067821201997,0.4105316987878496,10.62995805527342,0.03034529847351818,0.15172649236759095,30.74616537230061,212.38179473840498,385.8632404101959,2764.136759589804,30345.298473518174,0.008788340632084442,1052361.4305465769,-3647.118611588143,-0.0034536828461242397,True,max_margin_efficiency_dd_1.5%,5628
1018,2023-06-15,2023-06-15 07:39:00+00:00,2023-06-15 14:09:00+05:30,discovery_2021_2023,short_iron_fly,ID2,7.097916666666666,0.9861111111111112,True,,8,50.0,8,8,margin_and_cash_risk,1052361.4305465769,362092.6653508403,0.3440763361716669,38920.0,2114.463589658114,41034.46358965812,0.038992747547147925,3159.999999999998,175.25822693981462,20.793348958961055,4.624029736427023,0.9192502363122621,26.33662893170034,201.59485587151494,160.0,14.224857356025197,0.594040998765355,14.909166779821799,0.042561138395152145,0.21280569197576077,31.529616049834683,221.5130480148179,423.1079038863329,2736.892096113665,42561.13839515216,0.007558540556080649,1055098.3226426905,-910.2265154744964,-0.0008619499493637273,True,max_margin_efficiency_dd_1.5%,5628
1019,2023-06-22,2023-06-22 06:54:00+00:00,2023-06-22 13:24:00+05:30,discovery_2021_2023,short_iron_fly,ID1,14.129166666666666,0.5833333333333334,True,,8,50.0,8,8,margin_and_cash_risk,1055098.3226426905,366692.60195573285,0.3475435360728115,37860.0,2114.463589658114,39974.46358965812,0.037886955871121675,3160.0000000000014,175.06236196441625,20.77011074154091,3.8888055963440538,0.894562035457249,25.553478373342212,200.61584033775844,160.0,15.349666090061502,0.6480024475330848,16.169689429185656,0.04615954732853457,0.23079773664267283,31.760396408368237,224.2047116591197,424.8205519968781,2735.179448003123,46159.547328534565,0.007459052714494944,1057833.5020906937,0.0,0.0,True,max_margin_efficiency_dd_1.5%,5628
1020,2023-07-13,2023-07-13 06:45:00+00:00,2023-07-13 13:15:00+05:30,discovery_2021_2023,short_iron_fly,ID1,7.135416666666667,0.8333333333333334,True,,7,50.0,7,8,margin,1057833.5020906937,327368.8239071281,0.3094710304221968,31727.5,1844.176952565028,33571.67695256503,0.03173625800866983,1032.500000000001,153.2466792295156,15.584408057238875,3.93987744723682,0.6824435139615164,20.206729018437212,173.4534082479528,160.0,14.787919918990635,0.684048758358989,16.275742691300998,0.04646229714901798,0.23231148574508992,31.77981296535512,223.80629811689985,397.2597063648527,635.240293635148,46462.297149017984,0.0019404422389816829,1058468.7423843287,0.0,0.0,True,max_margin_efficiency_dd_1.5%,5628
1022,2023-07-27,2023-07-27 05:56:00+00:00,2023-07-27 12:26:00+05:30,discovery_2021_2023,short_iron_fly,ID1,14.169444444444444,0.7222222222222222,True,,7,50.0,7,10,margin,1058468.7423843287,334816.0524631737,0.3163211524876588,26827.500000000004,1844.176952565028,28671.67695256503,0.027087882527337192,892.4999999999999,153.1573647579245,15.575325229619445,2.4913021684231484,0.7192832044243174,18.78591060246691,171.94327536039143,160.0,20.771234458213577,0.9754025522550634,23.031311957637836,0.06574739354164384,0.3287369677082192,33.016643337399785,238.18907666675614,410.1323520271476,482.3676479728523,65747.39354164383,0.0014406945079967687,1058951.1100323016,0.0,0.0,True,max_margin_efficiency_dd_1.5%,5628
1024,2023-08-10,2023-08-10 08:25:00+00:00,2023-08-10 14:55:00+05:30,discovery_2021_2023,short_iron_fly,ID2,7.065972222222222,0.9444444444444444,True,,7,50.0,7,8,margin,1058951.1100323016,326773.1792433869,0.3085819318263136,34352.5,1844.176952565028,36196.67695256503,0.03418163181439123,1574.999999999999,153.5073274598622,15.61091465693514,1.8828893913378828,0.8203102976463491,18.31411434591937,171.82144180578155,160.0,11.922694428013688,0.5301939757988305,12.873330097090788,0.03674944361144958,0.18374721805724792,31.156888816576704,216.70360397914868,388.5250457849303,1186.474954215069,36749.44361144958,0.003630882304852075,1060137.5849865167,0.0,0.0,True,max_margin_efficiency_dd_1.5%,5628
1025,2023-08-17,2023-08-17 05:36:00+00:00,,discovery_2021_2023,,,,0.3194444444444444,False,confidence_score_at_or_below_0.40,0,,8,0,quality_switch,1060137.5849865167,0.0,0.0,0.0,0.0,0.0,0.0,0.0,0.0,0.0,0.0,0.0,0.0,0.0,0.0,0.0,0.0,0.0,0.0,0.0,0.0,0.0,0.0,0.0,0.0,0.0,1060137.5849865167,0.0,0.0,False,max_margin_efficiency_dd_1.5%,5628
1029,2023-12-21,2023-12-21 07:14:00+00:00,2023-12-21 13:44:00+05:30,discovery_2021_2023,short_iron_fly,ID2,14.115277777777775,0.7083333333333334,True,,7,50.0,7,9,margin,1060137.5849865167,358609.020963383,0.3382664911063822,28805.0,1844.176952565028,30649.176952565027,0.028910565370583324,5477.5,168.16123773143525,17.10114282014596,1.396603869319987,0.7273116445032981,19.225058333969244,187.3862960654045,160.0,18.698622511702983,0.7388304694437051,19.107281060230285,0.054545478333514946,0.27272739166757476,32.298219707441646,231.17022661881973,418.5565226842242,5058.943477315775,54545.47833351495,0.014107128325230658,1065196.5284638326,0.0,0.0,True,max_margin_efficiency_dd_1.5%,5628
1030,2023-12-28,2023-12-28 07:00:00+00:00,2023-12-28 13:30:00+05:30,discovery_2021_2023,short_iron_fly,ID2,14.125,0.9305555555555556,True,,7,50.0,7,9,margin,1065196.5284638326,366034.66865605896,0.3436311130152986,31167.500000000007,1844.176952565028,33011.67695256504,0.030991160851953442,6055.0,170.2858325705145,17.317203312255714,2.134703381661729,0.7405805624492827,20.192487256366725,190.4783198268812,160.0,16.560357124891585,0.6189614915896026,16.509155978153828,0.04712862111947995,0.23564310559739976,31.822546986876727,225.7937933082286,416.27211313510986,5638.72788686489,47128.621119479954,0.015404901146572178,1070835.2563506975,0.0,0.0,True,max_margin_efficiency_dd_1.5%,5628
1031,2024-01-11,2024-01-11 08:45:00+00:00,2024-01-11 15:15:00+05:30,validation_2024,short_iron_fly,ID3,7.052083333333333,1.0,True,,7,50.0,7,7,margin_and_cash_risk,1070835.2563506975,356259.9229403439,0.3326934940062051,38202.5,1844.176952565028,40046.67695256503,0.037397607816014776,-1697.4999999999995,156.23645424604058,15.888452974173617,2.0060721545691087,0.7082210860737158,18.60274621481644,174.839200460857,160.0,9.543786305386512,0.5134916222934067,11.344971858089044,0.03238644549839864,0.16193222749199324,30.8770722955943,212.47364075435365,387.3128412152107,-2084.81284121521,32386.44549839864,-0.005851943221703088,1068750.4435094823,-2084.812841215171,-0.0019469034371543126,True,max_margin_efficiency_dd_1.5%,5628
1032,2024-01-25,2024-01-25 05:19:00+00:00,,validation_2024,,,,0.2222222222222222,False,confidence_score_at_or_below_0.40,0,,7,0,quality_switch,1068750.4435094823,0.0,0.0,0.0,0.0,0.0,0.0,0.0,0.0,0.0,0.0,0.0,0.0,0.0,0.0,0.0,0.0,0.0,0.0,0.0,0.0,0.0,0.0,0.0,0.0,0.0,1068750.4435094823,-2084.812841215171,-0.0019469034371543126,False,max_margin_efficiency_dd_1.5%,5628
1034,2024-01-30,2024-01-30 05:16:00+00:00,,validation_2024,,,,0.3194444444444444,False,confidence_score_at_or_below_0.40,0,,6,0,quality_switch,1068750.4435094823,0.0,0.0,0.0,0.0,0.0,0.0,0.0,0.0,0.0,0.0,0.0,0.0,0.0,0.0,0.0,0.0,0.0,0.0,0.0,0.0,0.0,0.0,0.0,0.0,0.0,1068750.4435094823,-2084.812841215171,-0.0019469034371543126,False,max_margin_efficiency_dd_1.5%,5628
1035,2024-01-31,2024-01-31 05:49:00+00:00,,validation_2024,,,,0.0972222222222222,False,confidence_score_at_or_below_0.40,0,,6,0,quality_switch,1068750.4435094823,0.0,0.0,0.0,0.0,0.0,0.0,0.0,0.0,0.0,0.0,0.0,0.0,0.0,0.0,0.0,0.0,0.0,0.0,0.0,0.0,0.0,0.0,0.0,0.0,0.0,1068750.4435094823,-2084.812841215171,-0.0019469034371543126,False,max_margin_efficiency_dd_1.5%,5628
1036,2024-02-15,2024-02-15 08:12:00+00:00,2024-02-15 14:42:00+05:30,validation_2024,short_iron_fly,ID2,7.075,0.9305555555555556,True,,7,50.0,7,9,margin,1068750.4435094823,362475.8547535316,0.3391585537623364,29260.0,1844.176952565028,31104.176952565027,0.029103311387106864,2712.5000000000014,178.22447402874462,18.124522782584204,1.5581406697226319,0.9885332676714679,20.671196719978305,198.89567074872298,160.0,16.47805346978595,0.7155384366721873,17.590723220954533,0.05021616677406376,0.2510808338703189,32.02056363988781,227.10617576794488,426.0018465166678,2286.4981534833337,50216.16677406376,0.006308001273734652,1071036.9416629656,0.0,0.0,True,max_margin_efficiency_dd_1.5%,5628
1038,2024-02-29,2024-02-29 07:01:00+00:00,,validation_2024,,,,0.2638888888888889,False,confidence_score_at_or_below_0.40,0,,7,0,quality_switch,1071036.9416629656,0.0,0.0,0.0,0.0,0.0,0.0,0.0,0.0,0.0,0.0,0.0,0.0,0.0,0.0,0.0,0.0,0.0,0.0,0.0,0.0,0.0,0.0,0.0,0.0,0.0,1071036.9416629656,0.0,0.0,False,max_margin_efficiency_dd_1.5%,5628
1039,2024-03-07,2024-03-07 08:28:00+00:00,2024-03-07 14:58:00+05:30,validation_2024,short_iron_fly,ID2,7.063888888888889,0.9722222222222222,True,,7,50.0,7,7,margin_and_cash_risk,1071036.9416629656,369992.5578272836,0.3454526575458805,38867.5,1844.176952565028,40711.67695256503,0.0380114591466409,7665.0,153.09251655853907,15.568730497478551,1.7284125762634797,0.6338355234523791,17.93097859719441,171.0234951557335,160.0,9.276070353870063,0.22043208184043495,7.772963854227237,0.02218944862753993,0.11094724313769966,30.223098098278644,207.6257010799816,378.6491962357151,7286.350803764285,22189.44862753993,0.01969323611953738,1078323.29246673,0.0,0.0,True,max_margin_efficiency_dd_1.5%,5628
1043,2024-04-10,2024-04-10 07:55:00+00:00,2024-04-10 14:25:00+05:30,validation_2024,short_iron_fly,ID2,8.086805555555555,1.0,True,,7,50.0,7,8,margin,1078323.29246673,372070.8248473152,0.3450457088765843,34720.0,1844.176952565028,36564.17695256503,0.03390836236962132,6562.5,153.39078398811554,15.59906277845243,2.555222297129911,0.7738040085554909,18.92808908413783,172.31887307225335,160.0,12.40374147060821,0.40367415678136176,11.66561759013019,0.033301791579018525,0.16650895789509265,30.935777101128775,215.60862106812266,387.927494140376,6174.572505859624,33301.79157901853,0.016595153646872075,1084497.8649725895,0.0,0.0,True,max_margin_efficiency_dd_1.5%,5628
1048,2024-05-16,2024-05-16 05:39:00+00:00,2024-05-16 12:09:00+05:30,validation_2024,short_iron_fly,ID1,7.18125,0.6527777777777778,True,,14,25.0,14,26,margin,1084497.8649725895,376291.9544265986,0.3469734395799012,18777.499999999996,3892.301513820332,22669.801513820326,0.02090350036271699,-3394.999999999996,347.3693463379276,76.53900851513659,2.9030106445229893,1.9157167256012475,81.35773588526082,428.7270822231884,160.0,35.56978583614185,1.8220615326015044,41.21175872778434,0.1176470417578771,0.5882352087893854,36.34517537609969,275.6546637231746,704.381745946363,-4099.381745946359,117647.04175787709,-0.010894151994807012,1080398.4832266432,-4099.381745946361,-0.00377998138894442,True,max_margin_efficiency_dd_1.5%,5628
1050,2024-06-03,2024-06-03 05:20:00+00:00,,validation_2024,,,,0.1111111111111111,False,confidence_score_at_or_below_0.40,0,,9,0,quality_switch,1080398.4832266432,0.0,0.0,0.0,0.0,0.0,0.0,0.0,0.0,0.0,0.0,0.0,0.0,0.0,0.0,0.0,0.0,0.0,0.0,0.0,0.0,0.0,0.0,0.0,0.0,0.0,1080398.4832266432,-4099.381745946361,-0.00377998138894442,False,max_margin_efficiency_dd_1.5%,5628
1052,2024-06-10,2024-06-10 07:59:00+00:00,2024-06-10 14:29:00+05:30,validation_2024,short_iron_fly,ID2,10.084027777777775,0.6527777777777778,True,,11,25.0,11,47,margin,1080398.4832266432,360032.712338774,0.3332406680760281,5692.500000000013,2970.314445157533,8662.814445157546,0.008018166055996104,-412.5000000000039,639.7863059643854,108.43835694311616,33.956765631719314,6.664700998608581,149.05982357344408,788.8461295378295,160.0,99.94608996694319,4.833452702299408,112.45640055852175,0.32102883402375604,1.6051441701187803,49.38886324127957,428.55097947318643,1217.3971090110158,-1629.8971090110197,321028.8340237561,-0.004527080604490634,1078768.5861176322,-5729.278854957316,-0.005282886246255614,True,max_margin_efficiency_dd_1.5%,5628
1053,2024-06-20,2024-06-20 07:57:00+00:00,2024-06-20 14:27:00+05:30,validation_2024,short_iron_fly,ID2,14.085416666666667,0.7916666666666666,True,,13,25.0,13,18,margin,1078768.5861176322,360089.4832156032,0.3337967825996167,26146.25,3577.7361313994425,29723.98613139944,0.02755362597123147,5508.750000000001,148.94934083532212,30.29478118684518,1.3448749498068604,0.7753771811630845,32.41503331781513,181.36437415313725,160.0,16.962698464940736,0.6543879575417494,17.14832328652581,0.048953249461963486,0.24476624730981747,31.93956770099357,226.99869690677366,408.3630710599109,5100.38692894009,48953.24946196349,0.01416422074700315,1083868.9730465724,-628.8919260171242,-0.0005798922674993268,True,max_margin_efficiency_dd_1.5%,5628
1055,2024-07-18,2024-07-18 06:47:00+00:00,,validation_2024,,,,0.3194444444444444,False,confidence_score_at_or_below_0.40,0,,13,0,quality_switch,1083868.9730465724,0.0,0.0,0.0,0.0,0.0,0.0,0.0,0.0,0.0,0.0,0.0,0.0,0.0,0.0,0.0,0.0,0.0,0.0,0.0,0.0,0.0,0.0,0.0,0.0,0.0,1083868.9730465724,-628.8919260171242,-0.0005798922674993268,False,max_margin_efficiency_dd_1.5%,5628
1058,2024-08-01,2024-08-01 05:03:00+00:00,2024-08-01 11:33:00+05:30,validation_2024,short_iron_fly,BOD,7.20625,0.9305555555555556,True,,13,25.0,13,18,margin,1083868.9730465724,376644.3619574546,0.3474999020396081,26227.499999999996,3577.7361313994425,29805.23613139944,0.027498929181100147,4322.5,154.1919204842012,31.36106857305787,2.553318141807054,0.7090632022607732,34.6234499171257,188.81537040132687,160.0,17.864931337504334,0.733506165312248,18.577843706340445,0.0530340956504152,0.26517047825207607,32.201288690443725,229.69577447350323,418.5111448748301,3903.9888551251697,53034.095650415205,0.010365185967037416,1087772.9619016976,0.0,0.0,True,max_margin_efficiency_dd_1.5%,5628
1064,2024-11-05,2024-11-05 06:11:00+00:00,2024-11-05 12:41:00+05:30,validation_2024,short_iron_fly,ID1,9.159027777777778,0.5416666666666666,True,,11,25.0,11,52,margin,1087772.9619016976,374923.7030358905,0.344670915868722,4716.250000000001,2970.314445157533,7686.564445157534,0.007066331591584615,494.99999999999534,743.7939607955709,126.06677301619845,33.93702507380547,8.900186856825293,168.9039849468292,912.6979457424001,160.0,173.78153225775043,5.225976906104785,121.89766109017353,0.3479807624612432,1.7399038123062165,51.11739821968938,514.1104530484856,1426.8083987908856,-931.8083987908902,347980.76246124326,-0.002485328058070766,1086841.153502907,-931.8083987906575,-0.0008566202980092585,True,max_margin_efficiency_dd_1.5%,5628
1066,2024-12-04,2024-12-04 05:17:00+00:00,,validation_2024,,,,0.2083333333333333,False,confidence_score_at_or_below_0.40,0,,12,0,quality_switch,1086841.153502907,0.0,0.0,0.0,0.0,0.0,0.0,0.0,0.0,0.0,0.0,0.0,0.0,0.0,0.0,0.0,0.0,0.0,0.0,0.0,0.0,0.0,0.0,0.0,0.0,0.0,1086841.153502907,-931.8083987906575,-0.0008566202980092585,False,max_margin_efficiency_dd_1.5%,5628
1067,2024-12-09,2024-12-09 08:36:00+00:00,2024-12-09 15:06:00+05:30,validation_2024,short_iron_fly,ID3,10.058333333333334,0.5416666666666666,True,,11,25.0,11,42,margin,1086841.153502907,361797.1253867454,0.3328886877541095,7039.999999999986,2970.314445157533,10010.314445157519,0.009210466877237866,275.0000000000039,412.88956627751935,69.98128241991853,10.801323281565066,3.1797800426485185,83.9623857441321,496.8519520216514,160.0,128.74019912093482,3.8688615321886934,90.2730982429201,0.25770225019389126,1.2885112509694565,45.32747611393502,429.755848511142,926.6078005327934,-651.6078005327895,257702.2501938913,-0.0018010308949697959,1086189.5457023738,-1583.4161993237212,-0.0014556495286990323,True,max_margin_efficiency_dd_1.5%,5628
1068,2024-12-12,2024-12-12 05:28:00+00:00,2024-12-12 11:58:00+05:30,validation_2024,short_iron_fly,BOD,7.188888888888889,0.9444444444444444,True,,13,25.0,13,16,margin,1086189.5457023738,378435.1757450296,0.3484062033577373,30046.25,3577.7361313994425,33623.98613139944,0.030955910286962686,195.00000000000077,149.92691794953518,30.493610430413938,3.291786383698727,0.7997242356080825,34.58512104972075,184.5120389992559,160.0,33.870112351453436,1.0157887317135808,23.725726780689712,0.06772973674190612,0.3386486837095306,33.14377893620541,252.16178522051356,436.6738242197695,-241.67382421976876,67729.73674190613,-0.0006386135320110843,1085947.871878154,-1825.0900235434528,-0.001677822567268783,True,max_margin_efficiency_dd_1.5%,5628
1069,2025-01-01,2025-01-01 05:18:00+00:00,2025-01-01 11:48:00+05:30,confirmation_2025_2026,short_iron_fly,BOD,8.195833333333333,0.6666666666666666,True,,4,75.0,4,20,margin,1085947.871878154,374094.8649688247,0.3444869451439,7259.999999999988,1079.7635095386486,8339.763509538636,0.0076797088750815996,-255.00000000000043,425.9816127671849,21.660082005111096,8.728816118877626,2.8346488416483746,33.2235469656371,459.2051597328219,160.0,124.61631812876547,3.759915698654949,87.55637854846749,0.24994684141726375,1.2497342070863189,44.83009072745479,422.2623841518463,881.4675438846682,-1136.4675438846689,249946.8414172638,-0.0030379127069262942,1084811.4043342697,-2961.557567427866,-0.002722587958290834,True,max_margin_efficiency_dd_1.5%,5628
1072,2025-01-31,2025-01-31 05:40:00+00:00,,confirmation_2025_2026,,,,0.0833333333333333,False,confidence_score_at_or_below_0.40,0,,3,0,quality_switch,1084811.4043342697,0.0,0.0,0.0,0.0,0.0,0.0,0.0,0.0,0.0,0.0,0.0,0.0,0.0,0.0,0.0,0.0,0.0,0.0,0.0,0.0,0.0,0.0,0.0,0.0,0.0,1084811.4043342697,-2961.557567427866,-0.002722587958290834,False,max_margin_efficiency_dd_1.5%,5628
1073,2025-02-13,2025-02-13 08:05:00+00:00,2025-02-13 14:35:00+05:30,confirmation_2025_2026,short_iron_fly,ID2,7.079861111111111,0.9166666666666666,True,,4,75.0,4,7,margin,1084811.4043342697,330337.74664228514,0.304511683157505,23594.999999999996,1079.7635095386486,24674.763509538643,0.022745671193124234,-3809.999999999999,178.46812470268492,9.074650408611099,1.0410581922956639,0.9177023829674948,11.033410983874257,189.50153568655918,160.0,30.530442048607842,1.0358983075288322,22.790653087205655,0.06506038563290224,0.32530192816451126,32.97258277218055,247.7199385293203,437.2214742158795,-4247.221474215879,65060.385632902246,-0.01285720907582231,1080564.1828600536,-7208.779041643953,-0.0066270989389561885,True,max_margin_efficiency_dd_1.5%,5628
1075,2025-02-20,2025-02-20 05:42:00+00:00,2025-02-20 12:12:00+05:30,confirmation_2025_2026,short_iron_fly,ID1,14.179166666666667,0.4305555555555556,True,,4,75.0,4,6,margin,1080564.1828600536,328015.1290936224,0.3035591354003859,25545.0,1079.7635095386486,26624.76350953865,0.0246396872410372,3779.999999999997,144.27270564793292,7.335900287183032,2.2010954993919127,0.6512354884308131,10.188231275005759,154.46093692293869,160.0,27.847317105767612,0.7266533412807166,18.239804030504896,0.052069095148458165,0.26034547574229083,32.13939934825122,239.2655883966952,393.7265253196339,3386.2734746803635,52069.09514845817,0.010323528320286258,1083950.456334734,-3822.5055669634603,-0.003514065619245388,True,max_margin_efficiency_dd_1.5%,5628
1076,2025-03-06,2025-03-06 07:20:00+00:00,2025-03-06 13:50:00+05:30,confirmation_2025_2026,short_iron_fly,ID2,7.111111111111111,0.5833333333333334,True,,4,75.0,4,7,margin,1083950.456334734,318616.0368203628,0.2939396675912014,23175.0,1079.7635095386486,24254.76350953865,0.02237626578575705,3480.0,147.33452775855235,7.491586157214527,1.0873309846573787,0.6375523240882118,9.216469465960117,156.55099722451246,160.0,26.26330316984139,0.6881956250119772,17.235866015118624,0.04920315733690729,0.24601578668453647,31.95559529264521,236.43817904663862,392.9891762711511,3087.0108237288487,49203.157336907294,0.009688811820446187,1087037.4671584626,-735.4947432349436,-0.0006761472926750667,True,max_margin_efficiency_dd_1.5%,5628
1081,2025-05-08,2025-05-08 08:45:00+00:00,2025-05-08 15:15:00+05:30,confirmation_2025_2026,short_iron_fly,ID3,7.052083333333333,0.9861111111111112,True,,4,75.0,4,5,margin,1087037.4671584626,338168.35827173863,0.3110917226760522,29460.0,1079.7635095386486,30539.76350953865,0.02809449023810577,12809.999999999998,152.33807744204438,7.746003937731071,1.4820709791453854,0.682901204059632,9.91097612093609,162.2490535629805,160.0,17.067662397063117,0.13259734351878283,7.527097118845529,0.021487573847689206,0.10743786923844606,30.1780840611477,215.03436636366126,377.2834199266417,12432.716580073356,21487.573847689207,0.03676487251383502,1099470.183738536,0.0,0.0,True,max_margin_efficiency_dd_1.5%,5628
1082,2025-05-12,2025-05-12 06:49:00+00:00,2025-05-12 13:19:00+05:30,confirmation_2025_2026,short_iron_fly,ID1,10.13263888888889,0.4027777777777778,True,,3,75.0,3,23,margin,1099470.183738536,311077.8513959864,0.2829343223644558,4792.500000000003,841.6308788395669,5634.13087883957,0.005124405338289208,-753.7499999999987,677.4601627275497,22.96475127889999,31.78401942749666,4.578486498345851,59.3272572047425,736.7874199322923,160.0,142.92661823375562,4.332514669610638,100.65652399277147,0.28734377388744353,1.4367188694372177,47.2285055944973,456.8682251339597,1193.655645066252,-1947.4056450662504,287343.7738874436,-0.006260187397871993,1097522.7780934698,-1947.4056450661737,-0.0017712218792913514,True,max_margin_efficiency_dd_1.5%,5628
1084,2025-05-19,2025-05-19 08:22:00+00:00,2025-05-19 14:52:00+05:30,confirmation_2025_2026,short_iron_fly,ID2,17.068055555555556,0.5277777777777778,True,,3,75.0,3,19,margin,1097522.7780934698,301949.25259878323,0.2751188937721235,5838.749999999993,841.6308788395669,6680.38087883956,0.006086781078424807,270.00000000000387,491.70770347884707,16.668057745045665,13.395102067618964,2.672048318767858,32.735208131432486,524.4429116102796,160.0,113.18276892416588,3.403116355073285,79.3849792602077,0.22661998075994205,1.1330999037997103,43.33404584605812,400.66463027006466,925.1075418803442,-655.1075418803404,226619.9807599421,-0.002169594844968264,1096867.6705515897,-2602.5131869462784,-0.0023670611767723226,True,max_margin_efficiency_dd_1.5%,5628
1085,2025-05-22,2025-05-22 07:21:00+00:00,2025-05-22 13:51:00+05:30,confirmation_2025_2026,short_iron_fly,ID2,14.110416666666667,0.8055555555555556,True,,4,75.0,4,6,margin,1096867.6705515897,344678.21724609524,0.314238651115284,26339.999999999996,1079.7635095386486,27419.763509538643,0.02499824203565948,2774.9999999999995,168.98504036941344,8.592459679800685,1.5017813005552854,0.6618956684501841,10.756136648806153,179.7411770182196,160.0,24.64289319661379,0.6614290312089601,16.355691807857102,0.04669052757024579,0.233452637851229,31.794450295190146,233.73460749629146,413.4757845145111,2361.5242154854886,46690.5275702458,0.006851388040571751,1099229.194767075,-240.9889714610763,-0.00021918645455365482,True,max_margin_efficiency_dd_1.5%,5628
1086,2025-05-26,2025-05-26 07:07:00+00:00,,confirmation_2025_2026,,,,0.25,False,confidence_score_at_or_below_0.40,0,,3,0,quality_switch,1099229.194767075,0.0,0.0,0.0,0.0,0.0,0.0,0.0,0.0,0.0,0.0,0.0,0.0,0.0,0.0,0.0,0.0,0.0,0.0,0.0,0.0,0.0,0.0,0.0,0.0,0.0,1099229.194767075,-240.9889714610763,-0.00021918645455365482,False,max_margin_efficiency_dd_1.5%,5628
1089,2025-05-29,2025-05-29 05:03:00+00:00,,confirmation_2025_2026,,,,0.3333333333333333,False,confidence_score_at_or_below_0.40,0,,4,0,quality_switch,1099229.194767075,0.0,0.0,0.0,0.0,0.0,0.0,0.0,0.0,0.0,0.0,0.0,0.0,0.0,0.0,0.0,0.0,0.0,0.0,0.0,0.0,0.0,0.0,0.0,0.0,0.0,1099229.194767075,-240.9889714610763,-0.00021918645455365482,False,max_margin_efficiency_dd_1.5%,5628
1091,2025-06-03,2025-06-03 07:05:00+00:00,,confirmation_2025_2026,,,,0.1527777777777778,False,confidence_score_at_or_below_0.40,0,,3,0,quality_switch,1099229.194767075,0.0,0.0,0.0,0.0,0.0,0.0,0.0,0.0,0.0,0.0,0.0,0.0,0.0,0.0,0.0,0.0,0.0,0.0,0.0,0.0,0.0,0.0,0.0,0.0,0.0,1099229.194767075,-240.9889714610763,-0.00021918645455365482,False,max_margin_efficiency_dd_1.5%,5628
1093,2025-06-05,2025-06-05 05:20:00+00:00,2025-06-05 11:50:00+05:30,confirmation_2025_2026,short_iron_fly,BOD,7.194444444444445,0.9583333333333334,True,,4,75.0,4,6,margin,1099229.194767075,345397.1227294119,0.3142175666127582,24630.0,1079.7635095386486,25709.76350953865,0.023388901633918588,555.0000000000007,153.03594625122975,7.781488792435413,1.5019950129145931,0.6199157418349792,9.903399547184986,162.93934579841476,160.0,29.468027161084215,0.872278995206479,20.507960981888786,0.05854399366796685,0.29271996833983427,32.55466048990139,243.75419159008865,406.6935373885034,148.3064626114973,58543.99366796685,0.0004293795542925883,1099377.5012296864,-92.68250884953886,-8.429742817983588e-05,True,max_margin_efficiency_dd_1.5%,5628
1095,2025-06-12,2025-06-12 06:20:00+00:00,2025-06-12 12:50:00+05:30,confirmation_2025_2026,short_iron_fly,ID1,7.152777777777778,0.7916666666666666,True,,4,75.0,4,7,margin,1099377.5012296864,351639.42180888937,0.3198532091256827,22515.0,1079.7635095386486,23594.76350953865,0.021461930486249906,794.9999999999995,150.61967381216118,7.658627481974299,1.6148103833525642,0.6304840860347805,9.903921951361642,160.52359576352282,160.0,34.02883705856114,1.0018308196297399,23.618346158823893,0.0674231977128858,0.33711598856442904,33.12411936211822,252.17767258541033,412.7012683489331,382.2987316510664,67423.1977128858,0.001087189626477204,1099759.7999613376,0.0,0.0,True,max_margin_efficiency_dd_1.5%,5628
1097,2025-06-26,2025-06-26 06:13:00+00:00,,confirmation_2025_2026,,,,0.2638888888888889,False,confidence_score_at_or_below_0.40,0,,4,0,quality_switch,1099759.7999613376,0.0,0.0,0.0,0.0,0.0,0.0,0.0,0.0,0.0,0.0,0.0,0.0,0.0,0.0,0.0,0.0,0.0,0.0,0.0,0.0,0.0,0.0,0.0,0.0,0.0,1099759.7999613376,0.0,0.0,False,max_margin_efficiency_dd_1.5%,5628
1098,2025-07-03,2025-07-03 07:20:00+00:00,2025-07-03 13:50:00+05:30,confirmation_2025_2026,short_iron_fly,ID2,7.111111111111111,0.5,True,,4,75.0,4,6,margin,1099759.7999613376,353960.2969605618,0.3218523690109471,26880.0,1079.7635095386486,27959.76350953865,0.025423518399673807,660.0000000000017,131.4049742948162,6.681608862448281,1.1255325165276244,0.5314303137394762,8.33857169271538,139.74354598753155,160.0,23.855207680470286,0.7000485367937346,16.530712665096917,0.04719015890692811,0.23595079453464057,31.826493651336925,233.19560348713944,372.939149474671,287.0608505253307,47190.15890692811,0.0008109973152082505,1100046.8608118629,0.0,0.0,True,max_margin_efficiency_dd_1.5%,5628
1099,2025-07-10,2025-07-10 08:17:00+00:00,2025-07-10 14:47:00+05:30,confirmation_2025_2026,short_iron_fly,ID2,7.071527777777778,1.0,True,,4,75.0,4,5,margin,1100046.8608118629,351932.80732833047,0.3199252866996911,29640.0,1079.7635095386486,30719.76350953865,0.027925868073353417,-3119.9999999999995,137.21682335442034,6.977126611241713,1.2849533548849064,0.5595453997731205,8.821625365899742,146.03844872032008,160.0,17.72016090436961,0.629585980592698,13.558837998188075,0.038706360257459535,0.19353180128729772,31.28239370875191,223.42321675344706,369.4616654737672,-3489.4616654737665,38706.360257459535,-0.009915136051008525,1096557.399146389,-3489.4616654738784,-0.003172102743785432,True,max_margin_efficiency_dd_1.5%,5628
1100,2025-07-31,2025-07-31 06:04:00+00:00,2025-07-31 12:34:00+05:30,confirmation_2025_2026,short_iron_fly,ID1,14.16388888888889,0.5694444444444444,True,,4,75.0,4,8,margin,1096557.399146389,349279.66332438594,0.3185238306688563,20265.0,1079.7635095386486,21344.76350953865,0.01946524963139586,119.99999999999956,149.42060183432577,7.5976577203894475,1.076097737437456,0.6401235204971633,9.313878978324066,158.73448081264982,160.0,36.95980763757659,1.109956263551677,25.90760991951483,0.07395834975596582,0.3697917487798292,33.54324480324911,257.96436872242805,416.6988495350778,-296.69884953507824,73958.34975596583,-0.000849459274872026,1096260.700296854,-3786.16051500896,-0.0034418174805886936,True,max_margin_efficiency_dd_1.5%,5628
1101,2025-08-07,2025-08-07 05:18:00+00:00,2025-08-07 11:48:00+05:30,confirmation_2025_2026,short_iron_fly,BOD,7.195833333333334,0.8888888888888888,True,,4,75.0,4,7,margin,1096260.700296854,345746.2870915919,0.3153869211930776,23940.0,1079.7635095386486,25019.76350953865,0.02282282262126482,2670.0000000000005,135.459344566903,6.887763283062865,1.639061668243917,0.5455528464038231,9.072377797710605,144.5317223646136,160.0,28.426402119246095,0.7770280152483213,19.03086578708814,0.05432733596085681,0.2716366798042841,32.28422936451359,240.8444893018613,385.3762116664749,2284.6237883335257,54327.335960856806,0.006607804258873514,1098545.3240851874,-1501.536726675462,-0.0013649752389341963,True,max_margin_efficiency_dd_1.5%,5628
1102,2025-08-28,2025-08-28 07:29:00+00:00,2025-08-28 13:59:00+05:30,confirmation_2025_2026,short_iron_fly,ID2,12.104861111111113,0.6527777777777778,True,,4,75.0,4,6,margin,1098545.3240851874,341516.8799531951,0.3108810100644623,26295.0,1079.7635095386486,27374.76350953865,0.02491910247975882,-2235.000000000002,143.93984961138113,7.318975403968532,1.5447018685471792,0.5632512122219213,9.426928484737633,153.36677809611876,160.0,22.562123215798085,0.7485146998168262,16.643668407355207,0.04751261320969228,0.23756306604846147,31.847173935590405,232.08655593781867,385.4533340339374,-2620.4533340339394,47512.61320969229,-0.007672983351197963,1095924.8707511534,-4121.990060709417,-0.003747104062155393,True,max_margin_efficiency_dd_1.5%,5628
1103,2025-09-02,2025-09-02 08:39:00+00:00,2025-09-02 15:09:00+05:30,confirmation_2025_2026,short_iron_fly,ID3,7.05625,0.9166666666666666,True,,4,75.0,4,6,margin,1095924.8707511534,343269.9968208361,0.3132240229072973,25470.000000000007,1079.7635095386486,26549.763509538658,0.024225897429758385,9495.0,131.25967182724855,6.674220601385522,1.0528910865935006,0.4816369988621485,8.20874868684117,139.46842051408976,160.0,21.292629623368363,0.3580347468486359,11.639460551101841,0.03322712118498956,0.1661356059249478,30.930988190078118,224.4204758385069,363.8888963525967,9131.111103647405,33227.121184989555,0.026600376345775514,1105055.9818548008,0.0,0.0,True,max_margin_efficiency_dd_1.5%,5628
1104,2025-09-09,2025-09-09 06:27:00+00:00,2025-09-09 12:57:00+05:30,confirmation_2025_2026,short_iron_fly,ID1,7.147916666666666,0.5277777777777778,True,,4,75.0,4,6,margin,1105055.9818548008,347276.15484578145,0.3142611420128142,26009.999999999996,1079.7635095386486,27089.763509538643,0.024514381130329117,2415.000000000001,130.95307197689448,6.65863077848616,1.501048602774727,0.36927219228746994,8.528951573548357,139.48202355044282,160.0,24.545272040216773,0.6680926219130165,16.39930364422559,0.046815026103983984,0.23407513051991996,31.80243488415291,233.6959933471322,373.1780168975751,2041.8219831024255,46815.02610398399,0.005879534067086059,1107097.8038379033,0.0,0.0,True,max_margin_efficiency_dd_1.5%,5628
1105,2025-09-16,2025-09-16 08:24:00+00:00,2025-09-16 14:54:00+05:30,confirmation_2025_2026,short_iron_fly,ID2,7.066666666666666,1.0,True,,4,75.0,4,5,margin,1107097.8038379033,350433.3963675621,0.3165333678314035,31170.0,1079.7635095386486,32249.76350953865,0.02913000404999496,-4995.0,133.61674715235134,6.794071889102611,1.5173369583696568,0.461834294238714,8.773243141710983,142.3899902940623,160.0,14.600028122130233,0.5921225433727288,12.028407415964452,0.03433744623455452,0.17168723117277265,31.002197776806916,218.42878053568165,360.8187708297439,-5355.818770829744,34337.446234554525,-0.015283414270288724,1101741.9850670735,-5355.818770829821,-0.004837710590937072,True,max_margin_efficiency_dd_1.5%,5628
1106,2025-09-23,2025-09-23 08:19:00+00:00,2025-09-23 14:49:00+05:30,confirmation_2025_2026,short_iron_fly,ID2,14.07013888888889,0.6666666666666666,True,,4,75.0,4,5,margin,1101741.9850670735,350055.3427659197,0.3177289669546436,29070.0,1079.7635095386486,30149.76350953865,0.02736553922623104,945.0,131.0839783957111,6.665287037070057,1.1994750388965811,0.4592331834280955,8.323995259394733,139.40797365510585,160.0,17.31521038988311,0.4952885509061463,11.848837512323488,0.03382482875342132,0.1691241437671066,30.96932156727192,220.83160699290522,360.23958064801104,584.7604193519888,33824.82875342132,0.0016704799153516,1102326.7454864257,-4771.058351477608,-0.004309518395699152,True,max_margin_efficiency_dd_1.5%,5628
1110,2025-10-20,2025-10-20 07:30:00+00:00,2025-10-20 14:00:00+05:30,confirmation_2025_2026,short_iron_fly,ID2,15.104166666666666,0.4861111111111111,True,,4,75.0,4,6,margin,1102326.7454864257,358429.6460297942,0.3251573523888594,26775.0,1079.7635095386486,27854.76350953865,0.025269062574769633,374.9999999999999,133.96968621679002,6.812017943226612,1.3101858110701536,0.5106216423037575,8.632825396600524,142.60251161339056,160.0,21.54522663830638,0.6393848744975932,15.013176942615623,0.04285805578822616,0.21429027894113079,31.548658549922095,229.00359534007106,371.6061069534616,3.393893046538267,42858.05578822616,9.468784415941286e-06,1102330.139379472,-4767.6644584313035,-0.004306452819166973,True,max_margin_efficiency_dd_1.5%,5628
1111,2025-10-28,2025-10-28 05:05:00+00:00,,confirmation_2025_2026,,,,0.125,False,confidence_score_at_or_below_0.40,0,,4,0,quality_switch,1102330.139379472,0.0,0.0,0.0,0.0,0.0,0.0,0.0,0.0,0.0,0.0,0.0,0.0,0.0,0.0,0.0,0.0,0.0,0.0,0.0,0.0,0.0,0.0,0.0,0.0,0.0,1102330.139379472,-4767.6644584313035,-0.004306452819166973,False,max_margin_efficiency_dd_1.5%,5628
1115,2025-11-25,2025-11-25 06:28:00+00:00,2025-11-25 12:58:00+05:30,confirmation_2025_2026,short_iron_fly,ID1,14.147222222222222,0.5277777777777778,True,,4,75.0,4,7,margin,1102330.139379472,361271.7940934526,0.3277346605952561,23475.000000000004,1079.7635095386486,24554.76350953865,0.022275326267828542,2459.999999999999,131.82893509219787,6.703166191128705,1.2168791383146238,0.43200615629180733,8.352051485735137,140.18098657793303,160.0,26.404406965569137,0.7225376385644121,17.686294919675987,0.050488994917716204,0.25244497458858106,32.03806120005281,237.15423469336866,377.3352212713016,2082.664778728697,50488.994917716205,0.005764814227899452,1104412.8041582007,-2684.999679702567,-0.0024252596928605596,True,max_margin_efficiency_dd_1.5%,5628
1116,2025-12-02,2025-12-02 06:01:00+00:00,2025-12-02 12:31:00+05:30,confirmation_2025_2026,short_iron_fly,ID1,7.165972222222222,0.5694444444444444,True,,4,75.0,4,7,margin,1104412.8041582007,362644.5669634365,0.3283596184307636,23415.000000000004,1079.7635095386486,24494.76350953865,0.022178992689430934,2054.999999999998,134.88750112044758,6.858686497649877,1.468724224724265,0.44085051977502576,8.768261242149169,143.65576236259676,160.0,26.2373870858738,0.729781285447092,17.7123695059188,0.05056342993411019,0.252817149670551,32.042835015394225,237.0257534722386,380.6815158348354,1674.3184841651628,50563.429934110194,0.004616968339509069,1106087.122642366,-1010.6811955373269,-0.000912910487252061,True,max_margin_efficiency_dd_1.5%,5628
1117,2025-12-09,2025-12-09 05:03:00+00:00,2025-12-09 11:33:00+05:30,confirmation_2025_2026,short_iron_fly,BOD,7.20625,0.4861111111111111,True,,4,75.0,4,8,margin,1106087.122642366,362566.63757645927,0.3277921152452372,19425.0,1079.7635095386486,20504.76350953865,0.01853810887930255,-1575.0000000000002,148.75748400879104,7.563939864853783,1.4575916003868035,0.5494894866742418,9.571020951914829,158.32850496070586,160.0,36.55686028534952,1.1487056637093067,26.218921291203607,0.07484704907565973,0.3742352453782988,33.60024064541836,257.97381018013476,416.3023151408406,-1991.3023151408408,74847.04907565974,-0.005492238139867208,1104095.8203272251,-3001.9835106781684,-0.0027115793205183536,True,max_margin_efficiency_dd_1.5%,5628
1118,2026-01-20,2026-01-20 07:13:00+00:00,2026-01-20 13:43:00+05:30,confirmation_2025_2026,short_iron_fly,ID2,14.115972222222222,0.8472222222222222,True,,5,65.0,5,7,margin,1104095.8203272251,382050.2775257579,0.3460300007408127,26617.5,1326.4136582412866,27943.913658241287,0.025309319303427343,3753.75,146.13755191493996,9.907630638301017,1.4183783764730582,0.5297265904127147,11.855735605186789,157.99328752012678,160.0,26.03245456566731,0.6731009355956232,16.97874409232482,0.048469152418854744,0.24234576209427375,31.908520621230828,235.8836351293317,393.8769226494585,3359.8730773505413,48469.15241885475,0.008794321781703241,1107455.6934045756,0.0,0.0,True,max_margin_efficiency_dd_1.5%,5628
1121,2026-02-10,2026-02-10 05:32:00+00:00,2026-02-10 12:02:00+05:30,confirmation_2025_2026,short_iron_fly,ID1,7.186111111111111,0.5694444444444444,True,,4,65.0,4,7,margin,1107455.6934045756,312135.5269277083,0.2818492232119294,22347.0,1079.7635095386486,23426.76350953865,0.021153680141838764,2859.999999999999,113.55928005004843,5.774200680510938,1.2760190813694146,0.3177241182816595,7.367943880162012,120.92722393021043,160.0,21.233520449638494,0.554833430207061,13.91670723355948,0.03972796812320719,0.19863984061603596,31.347913507613768,227.29134242975806,348.21856635996846,2511.78143364003,39727.9681232072,0.008047086015369753,1109967.4748382156,0.0,0.0,True,max_margin_efficiency_dd_1.5%,5628
1123,2026-03-02,2026-03-02 05:31:00+00:00,,confirmation_2025_2026,,,,0.1111111111111111,False,confidence_score_at_or_below_0.40,0,,5,0,quality_switch,1109967.4748382156,0.0,0.0,0.0,0.0,0.0,0.0,0.0,0.0,0.0,0.0,0.0,0.0,0.0,0.0,0.0,0.0,0.0,0.0,0.0,0.0,0.0,0.0,0.0,0.0,0.0,1109967.4748382156,0.0,0.0,False,max_margin_efficiency_dd_1.5%,5628
1125,2026-03-06,2026-03-06 08:02:00+00:00,2026-03-06 14:32:00+05:30,confirmation_2025_2026,short_iron_fly,ID2,11.081944444444444,0.6111111111111112,True,,4,65.0,4,28,margin,1109967.4748382156,370313.0096192407,0.3336250998464761,4965.999999999992,1079.7635095386486,6045.76350953864,0.00544679339403152,-260.0,933.9839476525027,47.490709202669635,19.160339006506316,5.742121359104012,72.39316956827997,1006.3771172207828,160.0,186.16419736823866,5.622917234563783,130.87024858035045,0.37359477185369805,1.8679738592684907,52.76012709806507,537.6590589123402,1544.0361761331228,-1804.0361761331228,373594.77185369807,-0.004871652167953941,1108163.4386620824,-1804.0361761332024,-0.0016253054409509637,True,max_margin_efficiency_dd_1.5%,5628
1138,2026-04-20,2026-04-20 05:35:00+00:00,,confirmation_2025_2026,,,,0.0694444444444444,False,confidence_score_at_or_below_0.40,0,,4,0,quality_switch,1108163.4386620824,0.0,0.0,0.0,0.0,0.0,0.0,0.0,0.0,0.0,0.0,0.0,0.0,0.0,0.0,0.0,0.0,0.0,0.0,0.0,0.0,0.0,0.0,0.0,0.0,0.0,1108163.4386620824,-1804.0361761332024,-0.0016253054409509637,False,max_margin_efficiency_dd_1.5%,5628
1140,2026-04-27,2026-04-27 08:39:00+00:00,2026-04-27 15:09:00+05:30,confirmation_2025_2026,short_iron_fly,ID3,15.05625,0.6527777777777778,True,,5,65.0,5,15,margin,1108163.4386620824,387559.0222625964,0.3497309230220656,12447.499999999996,1326.4136582412866,13773.913658241283,0.01242949656854852,731.2500000000023,419.08578882999495,28.412595852881015,8.314489392829781,2.210112699790735,38.93719794550153,458.0229867754965,160.0,132.15711776517117,2.6349455449066883,61.63047304812007,0.17593626334033702,0.8796813167016854,40.083496313069176,397.5616502513091,855.5846370268056,-124.3346370268033,175936.26334033706,-0.0003208147143651284,1108039.1040250557,-1928.3708131599706,-0.0017373219097622794,True,max_margin_efficiency_dd_1.5%,5628
1143,2026-05-05,2026-05-05 07:22:00+00:00,2026-05-05 13:52:00+05:30,confirmation_2025_2026,short_iron_fly,ID2,7.109722222222223,0.4861111111111111,True,,5,65.0,5,8,margin,1108039.1040250557,363392.0510681375,0.327959590729318,25691.25,1326.4136582412866,27017.663658241287,0.024383312430127327,81.2500000000013,197.4979095690777,13.389688784344253,1.4172927387161283,0.6943863597925926,15.501367882852973,212.9992774519307,160.0,41.476649759113144,0.8334854735058207,19.41851231938119,0.05543394895626944,0.27716974478134726,32.35520088236139,254.41645212809914,467.41572958002985,-386.1657295800285,55433.94895626945,-0.0010626697211591478,1107652.9382954757,-2314.536542739952,-0.002085229157797852,True,max_margin_efficiency_dd_1.5%,5628
1146,2026-05-18,2026-05-18 07:22:00+00:00,,confirmation_2025_2026,,,,0.2083333333333333,False,confidence_score_at_or_below_0.40,0,,4,0,quality_switch,1107652.9382954757,0.0,0.0,0.0,0.0,0.0,0.0,0.0,0.0,0.0,0.0,0.0,0.0,0.0,0.0,0.0,0.0,0.0,0.0,0.0,0.0,0.0,0.0,0.0,0.0,0.0,1107652.9382954757,-2314.536542739952,-0.002085229157797852,False,max_margin_efficiency_dd_1.5%,5628
1148,2026-05-25,2026-05-25 07:14:00+00:00,,confirmation_2025_2026,,,,0.3194444444444444,False,confidence_score_at_or_below_0.40,0,,5,0,quality_switch,1107652.9382954757,0.0,0.0,0.0,0.0,0.0,0.0,0.0,0.0,0.0,0.0,0.0,0.0,0.0,0.0,0.0,0.0,0.0,0.0,0.0,0.0,0.0,0.0,0.0,0.0,0.0,1107652.9382954757,-2314.536542739952,-0.002085229157797852,False,max_margin_efficiency_dd_1.5%,5628
1150,2026-06-08,2026-06-08 05:40:00+00:00,,confirmation_2025_2026,,,,0.2638888888888889,False,confidence_score_at_or_below_0.40,0,,4,0,quality_switch,1107652.9382954757,0.0,0.0,0.0,0.0,0.0,0.0,0.0,0.0,0.0,0.0,0.0,0.0,0.0,0.0,0.0,0.0,0.0,0.0,0.0,0.0,0.0,0.0,0.0,0.0,0.0,1107652.9382954757,-2314.536542739952,-0.002085229157797852,False,max_margin_efficiency_dd_1.5%,5628
1152,2026-06-16,2026-06-16 08:12:00+00:00,2026-06-16 14:42:00+05:30,confirmation_2025_2026,short_iron_fly,ID2,7.075,0.8055555555555556,True,,5,65.0,5,6,margin,1107652.9382954757,361304.8683219146,0.3261895994948676,33052.5,1326.4136582412866,34378.91365824129,0.03103762240828402,975.0000000000013,144.0961440700525,9.769230106444239,1.5597852419222917,0.4573215091639208,11.78633685753045,155.88248092758298,160.0,25.819791199158153,0.49182229841099057,11.772626942489069,0.03360727074647178,0.16803635373235898,30.955368702054223,229.24125276659126,385.12373369417423,589.876266305827,33607.27074647179,0.0016326275066414562,1108242.8145617817,-1724.6602764339186,-0.0015537935259637425,True,max_margin_efficiency_dd_1.5%,5628
1154,2026-06-22,2026-06-22 05:00:00+00:00,2026-06-22 11:30:00+05:30,confirmation_2025_2026,short_iron_fly,BOD,15.208333333333334,0.4861111111111111,True,,5,65.0,5,13,margin,1108242.8145617817,380188.6841866546,0.343055401931018,15112.5,1326.4136582412866,16438.913658241287,0.014833314001446078,650.0000000000023,209.60045827980858,14.210200561342953,3.6469744762619047,0.8925934302263525,18.74976846783121,228.35022674763974,160.0,99.20242982820838,1.9713991033665965,46.18644430952489,0.1318482566643588,0.659241283321794,37.25595609291199,345.407318873998,573.7575456216377,76.24245437836453,131848.2566643588,0.00020053846300415693,1108319.05701616,-1648.4178220555186,-0.0014851046174085836,True,max_margin_efficiency_dd_1.5%,5628
1156,2026-06-30,2026-06-30 07:03:00+00:00,2026-06-30 13:33:00+05:30,confirmation_2025_2026,short_iron_fly,ID2,14.122916666666669,0.4027777777777778,True,,5,65.0,5,8,margin,1108319.05701616,364745.9879175204,0.3290983635159151,24228.75,1326.4136582412866,25555.163658241287,0.02305758752090886,1104.999999999999,164.31387312851626,11.139923601933305,1.8210748892183295,0.6133812051796416,13.574379696331276,177.8882528248475,160.0,47.01048374256658,0.9123963224360769,21.63226269499264,0.06175353324291361,0.3087676662145681,32.76050110100102,262.6861650604538,440.5744178853013,664.4255821146978,61753.53324291361,0.0018216117630468457,1108983.4825982745,-983.9922399411444,-0.0008865054717792642,True,max_margin_efficiency_dd_1.5%,5628
